title,card_name,artist,collector_number,background
51 - 100,"Sisay, Weatherlight Captain",Marta Nael,1444,"Sisay, Weatherlight Captain (Marta Nael) [SLD] {1444}.jpg"
101 - 150,Forest,Adam Paquette,96,Forest (Adam Paquette) [UND] {96}.jpg
151 - 200,Island,WFlemming Illustration,288,Island (WFlemming Illustration) [LCI] {288}.jpg
201 - 250,Forest,Jeanne D'Angelo,395,Forest (Jeanne D'Angelo) [SLD] {395}.jpg
251 - 300,Plains,Jeanne D'Angelo,391,Plains (Jeanne D'Angelo) [SLD] {391}.jpg
301 - 350,Island,Svetlin Velinov,22,Island (Svetlin Velinov) [REX] {22}.jpg
351 - 400,Abundant Growth,Ian Jepson,1135,Abundant Growth (Ian Jepson) [SLD] {1135}.jpg
401 - 450,Plains,Magali Villeneuve,277,Plains (Magali Villeneuve) [DMU] {277}.jpg
51 - 100,,,,Plains (Véronique Meignaud) [REX] {21} (1).jpg
101 - 150,Mountain,Simon Dominic,24,Mountain (Simon Dominic) [REX] {24}.jpg
151 - 200,Swamp,Samuele Bandini,321,Swamp (Samuele Bandini) [PIP] {321}.jpg
201 - 250,Reclusive Taxidermist,Tomasz Jedruszek,340,Reclusive Taxidermist (Tomasz Jedruszek) [VOW] {340}.jpg
251 - 300,"Hargilde, Kindly Runechanter",Colin Boyer,342,"Hargilde, Kindly Runechanter (Colin Boyer) [SLD] {342}.jpg"
301 - 350,Mountain,Andrew Theophilopoulos,276,Mountain (Andrew Theophilopoulos) [BLB] {276}.jpg
351 - 400,Construct,Seung Hoon Na,T1,Construct (Seung Hoon Na) [PBRO] {T1}.jpg
401 - 450,"Jin-Gitaxias, Core Augur",Kekai Kotaki,11,"Jin-Gitaxias, Core Augur (Kekai Kotaki) [MUL] {11}.jpg"
51 - 100,"Alesha, Who Smiles at Death",Winona Nelson,1007,"Alesha, Who Smiles at Death (Winona Nelson) [SLD] {1007}.jpg"
101 - 150,Mountain,Magali Villeneuve,280,Mountain (Magali Villeneuve) [DMU] {280}.jpg
151 - 200,Forest,Jonas De Ro,286,Forest (Jonas De Ro) [BRO] {286}.jpg
201 - 250,Island,Robin Olausson,280,Island (Robin Olausson) [BRO] {280}.jpg
251 - 300,Magmaquake,Sam Burley,140★,Magmaquake (Sam Burley) [PM13] {140★}.jpg
301 - 350,Dragonlord Ojutai,Yuko Shimizu,2015,Dragonlord Ojutai (Yuko Shimizu) [SLC] {2015}.jpg
351 - 400,"Torens, Fist of the Angels",Cabrol,328,"Torens, Fist of the Angels (Cabrol) [VOW] {328}.jpg"
401 - 450,Forest,Henry Peters,291,Forest (Henry Peters) [MOM] {291}.jpg
51 - 100,Swamp,Lucas Graciano,65,Swamp (Lucas Graciano) [SLD] {65}.jpg
101 - 150,Grim Tutor,Roberto Gatto,444,Grim Tutor (Roberto Gatto) [SLD] {444}.jpg
151 - 200,Plains,Indra Nugroho,269,Plains (Indra Nugroho) [VOW] {269}.jpg
201 - 250,Skyclave Apparition,Mila Pesic,2,Skyclave Apparition (Mila Pesic) [GDY] {2}.jpg
251 - 300,Forest,David Robert Hovey,279,Forest (David Robert Hovey) [BLB] {279}.jpg
301 - 350,Plains,Deven Rue,273,Plains (Deven Rue) [LTR] {273}.jpg
351 - 400,Forest,David Robert Hovey,279,Forest (David Robert Hovey) [BLB] {279}.jpg
401 - 450,Swamp,John Thacker,272,Swamp (John Thacker) [BLB] {272}.jpg
51 - 100,Night's Whisper,Tomas Duchek,207,Night's Whisper (Tomas Duchek) [SLD] {207}.jpg
101 - 150,"Sol, Advocate Eternal",Randy Vargas,3,"Sol, Advocate Eternal (Randy Vargas) [PH18] {3}.jpg"
151 - 200,Plains,Olga Tereshenko,273,Plains (Olga Tereshenko) [SNC] {273}.jpg
201 - 250,Swamp,Slawomir Maniak,273,Swamp (Slawomir Maniak) [ZNR] {273}.jpg
251 - 300,Unsubstantiate,Svetlin Velinov,79,Unsubstantiate (Svetlin Velinov) [PEMN] {79}.jpg
301 - 350,Mother of Runes,Livia Prima,299,Mother of Runes (Livia Prima) [SLD] {299}.jpg
351 - 400,Flame Javelin,Zoltan Boros & Gabor Szikszai,2,Flame Javelin (Zoltan Boros & Gabor Szikszai) [P09] {2}.jpg
401 - 450,Forest,Salvatorre Zee Yazzie,276,Forest (Salvatorre Zee Yazzie) [OTJ] {276}.jpg
51 - 100,Sword of Hearth and Home,Randy Gallegos,324,Sword of Hearth and Home (Randy Gallegos) [MH2] {324}.jpg
101 - 150,Tail Swipe,Edgar Sanchez Hidalgo,15,Tail Swipe (Edgar Sanchez Hidalgo) [SCH] {15}.jpg
151 - 200,Avenger of Zendikar,Dominik Mayer,158,Avenger of Zendikar (Dominik Mayer) [SLD] {158}.jpg
201 - 250,Reclamation Sage,Clint Cearley,194,Reclamation Sage (Clint Cearley) [PM15] {194}.jpg
251 - 300,"Hargilde, Kindly Runechanter",Colin Boyer,342,"Hargilde, Kindly Runechanter (Colin Boyer) [SLD] {342}.jpg"
301 - 350,Seat of the Synod,DXTR,301,Seat of the Synod (DXTR) [SLD] {301}.jpg
351 - 400,"Eruth, Tormented Prophet",Dave Kendall,342,"Eruth, Tormented Prophet (Dave Kendall) [VOW] {342}.jpg"
401 - 450,Plains,Constantin Marin,318,Plains (Constantin Marin) [PIP] {318}.jpg
51 - 100,Plains,Noah Bradley,374,Plains (Noah Bradley) [2XM] {374}.jpg
101 - 150,Island,Anna Steinbauer,270,Island (Anna Steinbauer) [ZNR] {270}.jpg
151 - 200,Forest,Pig Hands,276,Forest (Pig Hands) [VOW] {276}.jpg
201 - 250,Bloodbat Summoner,Johann Bodin,338,Bloodbat Summoner (Johann Bodin) [VOW] {338}.jpg
251 - 300,Swamp,Alayna Danner,264,Swamp (Alayna Danner) [ONE] {264}.jpg
301 - 350,"Sol, Advocate Eternal",Randy Vargas,3,"Sol, Advocate Eternal (Randy Vargas) [PH18] {3}.jpg"
351 - 400,Plains,Carlos Palma Cruchaga,265,Plains (Carlos Palma Cruchaga) [BLB] {265}.jpg
401 - 450,"Danitha Capashen, Paragon",Lie Setiawan,1031,"Danitha Capashen, Paragon (Lie Setiawan) [SLD] {1031}.jpg"
51 - 100,Street Wraith,Pete Venters,429,Street Wraith (Pete Venters) [DMR] {429}.jpg
101 - 150,Island,WFlemming Illustration,275,Island (WFlemming Illustration) [SNC] {275}.jpg
151 - 200,Plains,Jorge Jacinto,6,Plains (Jorge Jacinto) [P23] {6}.jpg
201 - 250,Subtlety,Svetlin Velinov,309,Subtlety (Svetlin Velinov) [MH2] {309}.jpg
251 - 300,Forest,Alayna Danner,369,Forest (Alayna Danner) [ONE] {369}.jpg
301 - 350,Forest,Salvatorre Zee Yazzie,276,Forest (Salvatorre Zee Yazzie) [OTJ] {276}.jpg
351 - 400,Mountain,Zbigniew M. Bielak,278,Mountain (Zbigniew M. Bielak) [SNC] {278}.jpg
401 - 450,Swamp,Adam Paquette,237,Swamp (Adam Paquette) [UNF] {237}.jpg
51 - 100,Mountain,Indra Nugroho,368,Mountain (Indra Nugroho) [ONE] {368}.jpg
101 - 150,Shipwreck Marsh,Steven Belledin,285,Shipwreck Marsh (Steven Belledin) [MID] {285}.jpg
151 - 200,Plains,Sergey Glushakov,278,Plains (Sergey Glushakov) [BRO] {278}.jpg
201 - 250,Deserted Beach,Piotr Dura,281,Deserted Beach (Piotr Dura) [MID] {281}.jpg
251 - 300,"Heliod, the Warped Eclipse",Jason A. Engle,293,"Heliod, the Warped Eclipse (Jason A. Engle) [MOM] {293}.jpg"
301 - 350,Island,Veronique Meignaud,236,Island (Veronique Meignaud) [ZEN] {236}.jpg
351 - 400,Abundant Growth,Ian Jepson,1135,Abundant Growth (Ian Jepson) [SLD] {1135}.jpg
401 - 450,Plains,Nadia Hurianova,304,Plains (Nadia Hurianova) [MH3] {304}.jpg
51 - 100,Mountain,Alayna Danner,274,Mountain (Alayna Danner) [VOW] {274}.jpg
101 - 150,Scaleguard Sentinels,David Gaillet,201,Scaleguard Sentinels (David Gaillet) [PDTK] {201}.jpg
151 - 200,Swamp,John Avon,214,Swamp (John Avon) [UST] {214}.jpg
201 - 250,Fracturing Gust,Minttu Hynninen,273,Fracturing Gust (Minttu Hynninen) [SLD] {273}.jpg
251 - 300,Forest,Yeong-Hao Han,25,Forest (Yeong-Hao Han) [REX] {25}.jpg
301 - 350,Snow-Covered Wastes,Tomas Honz,309,Snow-Covered Wastes (Tomas Honz) [MH3] {309}.jpg
351 - 400,Plains,JungShan,1399,Plains (JungShan) [SLD] {1399}.jpg
401 - 450,Treasure Hunt,Steve Prescott,4,Treasure Hunt (Steve Prescott) [P11] {4}.jpg
51 - 100,Plains,Christopher Rush,84,Plains (Christopher Rush) [UGL] {84}.jpg
101 - 150,Swamp,Sam Burley,252,Swamp (Sam Burley) [THB] {252}.jpg
151 - 200,Mountain,Andrew Theophilopoulos,276,Mountain (Andrew Theophilopoulos) [BLB] {276}.jpg
201 - 250,Island,Sam Burley,256,Island (Sam Burley) [BFZ] {256}.jpg
251 - 300,"Eruth, Tormented Prophet",Dave Kendall,342,"Eruth, Tormented Prophet (Dave Kendall) [VOW] {342}.jpg"
301 - 350,"Ragavan, Nimble Pilferer",Zoltan Boros,315,"Ragavan, Nimble Pilferer (Zoltan Boros) [MH2] {315}.jpg"
351 - 400,Nature's Will,Dai-XT,82,Nature's Will (Dai-XT) [WOT] {82}.jpg
401 - 450,Plains,Jeanne D'Angelo,391,Plains (Jeanne D'Angelo) [SLD] {391}.jpg
51 - 100,Forest,Samuele Bandini,5,Forest (Samuele Bandini) [PSS4] {5}.jpg
101 - 150,Fracturing Gust,Minttu Hynninen,273,Fracturing Gust (Minttu Hynninen) [SLD] {273}.jpg
151 - 200,"Phenax, God of Deception",Jason A. Engle,75,"Phenax, God of Deception (Jason A. Engle) [SLD] {75}.jpg"
201 - 250,"Azami, Lady of Scrolls",Jack Hughes,1106,"Azami, Lady of Scrolls (Jack Hughes) [SLD] {1106}.jpg"
251 - 300,Shark Typhoon,Edgar Sanchez Hidalgo,2020,Shark Typhoon (Edgar Sanchez Hidalgo) [SLC] {2020}.jpg
301 - 350,Swamp,John Thacker,271,Swamp (John Thacker) [BLB] {271}.jpg
351 - 400,Forest,Adam Paquette,244,Forest (Adam Paquette) [UNF] {244}.jpg
401 - 450,Dark Confidant,Livia Prima,3,Dark Confidant (Livia Prima) [SCH] {3}.jpg
51 - 100,Mana Crypt,Dominik Mayer,17,Mana Crypt (Dominik Mayer) [SPG] {17}.jpg
101 - 150,Forest,Mia Boas,276,Forest (Mia Boas) [MKM] {276}.jpg
151 - 200,Mana Confluence,Jabari Weathers,1012a,Mana Confluence (Jabari Weathers) [SLD] {1012a}.jpg
201 - 250,"Heliod, Sun-Crowned",Jason A. Engle,259,"Heliod, Sun-Crowned (Jason A. Engle) [THB] {259}.jpg"
251 - 300,Plains,MSCHF,670,Plains (MSCHF) [SLD] {670}.jpg
301 - 350,Mountain,Zbigniew M. Bielak,278,Mountain (Zbigniew M. Bielak) [SNC] {278}.jpg
351 - 400,Island,John Avon,213,Island (John Avon) [UST] {213}.jpg
401 - 450,Mountain,Florian de Gesincourt,188,Mountain (Florian de Gesincourt) [HOU] {188}.jpg
51 - 100,Forest,Terese Nielsen,5★,Forest (Terese Nielsen) [J14] {5★}.jpg
101 - 150,Firemane Avenger,Ryan Barger,163,Firemane Avenger (Ryan Barger) [PGTC] {163}.jpg
151 - 200,"Nylea, Keen-Eyed",Jason A. Engle,266,"Nylea, Keen-Eyed (Jason A. Engle) [THB] {266}.jpg"
201 - 250,Swamp,Wangjie Li,106,Swamp (Wangjie Li) [ACR] {106}.jpg
251 - 300,Treasure,Chong Fei Giap,6,Treasure (Chong Fei Giap) [PTSNC] {6}.jpg
301 - 350,"Baral, Chief of Compliance",Dmitry Burmak,1447,"Baral, Chief of Compliance (Dmitry Burmak) [SLD] {1447}.jpg"
351 - 400,Plains,Jorge Jacinto,6,Plains (Jorge Jacinto) [P23] {6}.jpg
401 - 450,Island,Svetlin Velinov,22,Island (Svetlin Velinov) [REX] {22}.jpg
51 - 100,Fomori Nomad,Raymond Swanland,114,Fomori Nomad (Raymond Swanland) [FUT] {114}.jpg
101 - 150,Island,Anna Steinbauer,270,Island (Anna Steinbauer) [ZNR] {270}.jpg
151 - 200,Swamp,Yohann Schepacz,306,Swamp (Yohann Schepacz) [MH3] {306}.jpg
201 - 250,Lightning Bolt,Robbie Trevino,85,Lightning Bolt (Robbie Trevino) [SLD] {85}.jpg
251 - 300,Island,Jonas De Ro,64,Island (Jonas De Ro) [SLD] {64}.jpg
301 - 350,Wastes,Helge C. Balzer,706,Wastes (Helge C. Balzer) [SLD] {706}.jpg
351 - 400,Forest,Piotr Dura,287,Forest (Piotr Dura) [BRO] {287}.jpg
401 - 450,Mountain,Jeanne D'Angelo,389,Mountain (Jeanne D'Angelo) [SLD] {389}.jpg
51 - 100,Swamp,Kerby Rosanes,273,Swamp (Kerby Rosanes) [VOW] {273}.jpg
101 - 150,Forest,Jeanne D'Angelo,395,Forest (Jeanne D'Angelo) [SLD] {395}.jpg
151 - 200,"Melek, Izzet Paragon",Johann Bodin,84,"Melek, Izzet Paragon (Johann Bodin) [PDGM] {84}.jpg"
201 - 250,Plains,Hari & Deepti,262,Plains (Hari & Deepti) [WOE] {262}.jpg
251 - 300,Forest,Yeong-Hao Han,254,Forest (Yeong-Hao Han) [AKH] {254}.jpg
301 - 350,Island,John Avon,213,Island (John Avon) [UST] {213}.jpg
351 - 400,Island,Amayagido,295,Island (Amayagido) [NEO] {295}.jpg
401 - 450,Plains,Adam Paquette,88,Plains (Adam Paquette) [UND] {88}.jpg
51 - 100,Scion of Draco,Andrew Mar,323,Scion of Draco (Andrew Mar) [MH2] {323}.jpg
101 - 150,"Geralf, Visionary Stitcher",Cabrol,319,"Geralf, Visionary Stitcher (Cabrol) [VOW] {319}.jpg"
151 - 200,Forest,Samuele Bandini,5,Forest (Samuele Bandini) [PSS4] {5}.jpg
201 - 250,Forest,Yeong-Hao Han,25,Forest (Yeong-Hao Han) [REX] {25}.jpg
251 - 300,Swamp,Nikola Matkovic,322,Swamp (Nikola Matkovic) [PIP] {322}.jpg
301 - 350,Wastes,Filipe Pagliuso,705,Wastes (Filipe Pagliuso) [SLD] {705}.jpg
351 - 400,Forest,Adam Paquette,272,Forest (Adam Paquette) [BFZ] {272}.jpg
401 - 450,"Jacob Hauken, Inspector",Slawomir Maniak,332,"Jacob Hauken, Inspector (Slawomir Maniak) [VOW] {332}.jpg"
51 - 100,Forest,Alayna Danner,369,Forest (Alayna Danner) [ONE] {369}.jpg
101 - 150,Voidslime,Wizard of Barge,137,Voidslime (Wizard of Barge) [SLD] {137}.jpg
151 - 200,Swamp,Tianhua X,264,Swamp (Tianhua X) [BFZ] {264}.jpg
201 - 250,Mountain,Sam Burley,253,Mountain (Sam Burley) [THB] {253}.jpg
251 - 300,Island,Maiko Aoji,296,Island (Maiko Aoji) [NEO] {296}.jpg
301 - 350,Swamp,Sam Burley,252,Swamp (Sam Burley) [THB] {252}.jpg
351 - 400,Mountain,Jeanne D'Angelo,389,Mountain (Jeanne D'Angelo) [SLD] {389}.jpg
401 - 450,Island,Vincent Proce,258,Island (Vincent Proce) [BFZ] {258}.jpg
51 - 100,Heritage Druid,Rovina Cai,2008,Heritage Druid (Rovina Cai) [SLC] {2008}.jpg
101 - 150,Sword of Hearth and Home,Randy Gallegos,324,Sword of Hearth and Home (Randy Gallegos) [MH2] {324}.jpg
151 - 200,Lightning Helix,Kev Walker,7,Lightning Helix (Kev Walker) [P06] {7}.jpg
201 - 250,Mountain,Ayami Nakashima,300,Mountain (Ayami Nakashima) [NEO] {300}.jpg
251 - 300,"Pharika, God of Affliction",Jason A. Engle,82,"Pharika, God of Affliction (Jason A. Engle) [SLD] {82}.jpg"
301 - 350,Swamp,Hari & Deepti,264,Swamp (Hari & Deepti) [WOE] {264}.jpg
351 - 400,Desolate Lighthouse,Nico Delort,352,Desolate Lighthouse (Nico Delort) [SLD] {352}.jpg
401 - 450,Jin-Gitaxias,Julian Kok Joon Wen,339,Jin-Gitaxias (Julian Kok Joon Wen) [MOM] {339}.jpg
51 - 100,"Jacob Hauken, Inspector",Slawomir Maniak,332,"Jacob Hauken, Inspector (Slawomir Maniak) [VOW] {332}.jpg"
101 - 150,Flame Slash,Antonio Jose Manzanedo,1,Flame Slash (Antonio Jose Manzanedo) [SCH] {1}.jpg
151 - 200,Island,Adam Paquette,236,Island (Adam Paquette) [UNF] {236}.jpg
201 - 250,Swamp,John Thacker,270,Swamp (John Thacker) [BLB] {270}.jpg
251 - 300,Island,Richard Wright,186,Island (Richard Wright) [HOU] {186}.jpg
301 - 350,Island,Jubilee,1469,Island (Jubilee) [SLD] {1469}.jpg
351 - 400,Swamp,John Avon,214,Swamp (John Avon) [UST] {214}.jpg
401 - 450,Harrow,Lars Grant-West,9,Harrow (Lars Grant-West) [P10] {9}.jpg
51 - 100,Island,Rio Krisma,271,Island (Rio Krisma) [VOW] {271}.jpg
101 - 150,The Fourteenth Doctor,Justyna Dura,1583,The Fourteenth Doctor (Justyna Dura) [SLD] {1583}.jpg
151 - 200,"Zada, Hedron Grinder",Dominik Mayer,25,"Zada, Hedron Grinder (Dominik Mayer) [MUL] {25}.jpg"
201 - 250,"Nylea, God of the Hunt",Jason A. Engle,80,"Nylea, God of the Hunt (Jason A. Engle) [SLD] {80}.jpg"
251 - 300,"Anax, Hardened in the Forge",Jason A. Engle,264,"Anax, Hardened in the Forge (Jason A. Engle) [THB] {264}.jpg"
301 - 350,Island,Matteo Bassini,274,Island (Matteo Bassini) [SNC] {274}.jpg
351 - 400,Swamp,Matteo Bassini,276,Swamp (Matteo Bassini) [SNC] {276}.jpg
401 - 450,Magmaquake,Sam Burley,140★,Magmaquake (Sam Burley) [PM13] {140★}.jpg
51 - 100,Rapid Hybridization,kozyndan,1126,Rapid Hybridization (kozyndan) [SLD] {1126}.jpg
101 - 150,Teferi's Protection,Steve Argyle,1691,Teferi's Protection (Steve Argyle) [SLD] {1691}.jpg
151 - 200,Mountain,John Avon,242,Mountain (John Avon) [ZEN] {242}.jpg
201 - 250,Island,Adam Paquette,90,Island (Adam Paquette) [UND] {90}.jpg
251 - 300,Island,Adam Paquette,241,Island (Adam Paquette) [UNF] {241}.jpg
301 - 350,"Grist, the Hunger Tide",Victor Adame Minguez,306,"Grist, the Hunger Tide (Victor Adame Minguez) [MH2] {306}.jpg"
351 - 400,Mana Tithe,Donato Giancola,4,Mana Tithe (Donato Giancola) [P08] {4}.jpg
401 - 450,Jin-Gitaxias,Dominik Mayer,294,Jin-Gitaxias (Dominik Mayer) [MOM] {294}.jpg
51 - 100,Island,John Avon,234,Island (John Avon) [ZEN] {234}.jpg
101 - 150,Thoughtseize,Junji Ito,1117,Thoughtseize (Junji Ito) [SLD] {1117}.jpg
151 - 200,Plains,Titus Lunter,185,Plains (Titus Lunter) [HOU] {185}.jpg
201 - 250,Wastes,Evan Shipard,704,Wastes (Evan Shipard) [SLD] {704}.jpg
251 - 300,Island,John Avon,213,Island (John Avon) [UST] {213}.jpg
301 - 350,Island,Jubilee,1469,Island (Jubilee) [SLD] {1469}.jpg
351 - 400,"Phenax, God of Deception",Jason A. Engle,75,"Phenax, God of Deception (Jason A. Engle) [SLD] {75}.jpg"
401 - 450,Forest,Roberto Gatto,452,Forest (Roberto Gatto) [SLD] {452}.jpg
51 - 100,"Jori En, Ruin Diver",Matt Stewart,155,"Jori En, Ruin Diver (Matt Stewart) [POGW] {155}.jpg"
101 - 150,Forest,Alayna Danner,369,Forest (Alayna Danner) [ONE] {369}.jpg
151 - 200,Island,Evan Cagle,366,Island (Evan Cagle) [ONE] {366}.jpg
201 - 250,Seize the Day,Frank Frazetta,1172,Seize the Day (Frank Frazetta) [SLD] {1172}.jpg
251 - 300,Mountain,Sam Burley,275,Mountain (Sam Burley) [ZNR] {275}.jpg
301 - 350,Nessian Courser,Vance Kovacs,148,Nessian Courser (Vance Kovacs) [FUT] {148}.jpg
351 - 400,Island,Matteo Bassini,274,Island (Matteo Bassini) [SNC] {274}.jpg
401 - 450,Plains,Christopher Rush,84,Plains (Christopher Rush) [UGL] {84}.jpg
51 - 100,"Ragavan, Nimble Pilferer",Zoltan Boros,315,"Ragavan, Nimble Pilferer (Zoltan Boros) [MH2] {315}.jpg"
101 - 150,Forest,Jeanne D'Angelo,388,Forest (Jeanne D'Angelo) [SLD] {388}.jpg
151 - 200,Forest,Nikola Matkovic,326,Forest (Nikola Matkovic) [PIP] {326}.jpg
201 - 250,,,,Island (Svetlin Velinov) [REX] {22} (1).jpg
251 - 300,Conqueror's Flail,Miklos Ligeti & AndWorld Design,1571,Conqueror's Flail (Miklos Ligeti & AndWorld Design) [SLD] {1571}.jpg
301 - 350,Mountain,Vincent Proce,245,Mountain (Vincent Proce) [ZEN] {245}.jpg
351 - 400,Plains,Amayagido,293,Plains (Amayagido) [NEO] {293}.jpg
401 - 450,Forest,Noah Bradley,382,Forest (Noah Bradley) [2XM] {382}.jpg
51 - 100,Plains,Carlos Palma Cruchaga,263,Plains (Carlos Palma Cruchaga) [BLB] {263}.jpg
101 - 150,"Anax, Hardened in the Forge",Jason A. Engle,264,"Anax, Hardened in the Forge (Jason A. Engle) [THB] {264}.jpg"
151 - 200,Field Marshal,Frank Frazetta,1168,Field Marshal (Frank Frazetta) [SLD] {1168}.jpg
201 - 250,Dreadbore,Vance Kelly,141,Dreadbore (Vance Kelly) [SLD] {141}.jpg
251 - 300,Forest,Ezoi,302,Forest (Ezoi) [NEO] {302}.jpg
301 - 350,Plains,Lucas Graciano,1,Plains (Lucas Graciano) [PSS4] {1}.jpg
351 - 400,Squire,Noah Bradley,59,Squire (Noah Bradley) [SLD] {59}.jpg
401 - 450,Urza's Incubator,Randy Gallegos,453,Urza's Incubator (Randy Gallegos) [DMR] {453}.jpg
51 - 100,"Phenax, God of Deception",Jason A. Engle,75,"Phenax, God of Deception (Jason A. Engle) [SLD] {75}.jpg"
101 - 150,Mountain,Daria Khlebnikova,275,Mountain (Daria Khlebnikova) [VOW] {275}.jpg
151 - 200,Shivan Dragon,Justine Jones,1993,Shivan Dragon (Justine Jones) [SLC] {1993}.jpg
201 - 250,Necrotic Ooze,Wizard of Barge,133,Necrotic Ooze (Wizard of Barge) [SLD] {133}.jpg
251 - 300,Island,Sam Burley,251,Island (Sam Burley) [THB] {251}.jpg
301 - 350,Forest,Jung Park,247,Forest (Jung Park) [ZEN] {247}.jpg
351 - 400,Treasure,Chong Fei Giap,1,Treasure (Chong Fei Giap) [PTSNC] {1}.jpg
401 - 450,Plains,Titus Lunter,185,Plains (Titus Lunter) [HOU] {185}.jpg
51 - 100,"Atraxa, Praetors' Voice",Justin Hernandez & Alexis Hernandez,33,"Atraxa, Praetors' Voice (Justin Hernandez & Alexis Hernandez) [MUL] {33}.jpg"
101 - 150,"Hansk, Slayer Zealot",Romana Kendelic,144,"Hansk, Slayer Zealot (Romana Kendelic) [SLD] {144}.jpg"
151 - 200,Cancel,Izzy,2,Cancel (Izzy) [P10] {2}.jpg
201 - 250,Swamp,Tianhua X,264,Swamp (Tianhua X) [BFZ] {264}.jpg
251 - 300,Magmaquake,Sam Burley,140★,Magmaquake (Sam Burley) [PM13] {140★}.jpg
301 - 350,Subtlety,Svetlin Velinov,309,Subtlety (Svetlin Velinov) [MH2] {309}.jpg
351 - 400,Felidar Sovereign,Tatamepi,1182,Felidar Sovereign (Tatamepi) [SLD] {1182}.jpg
401 - 450,Forest,David Robert Hovey,278,Forest (David Robert Hovey) [BLB] {278}.jpg
51 - 100,Thraximundar,Robbie Trevino,142,Thraximundar (Robbie Trevino) [SLD] {142}.jpg
101 - 150,Teferi's Protection,Steve Argyle,1691,Teferi's Protection (Steve Argyle) [SLD] {1691}.jpg
151 - 200,Godless Shrine,Bruce Brenneise,282,Godless Shrine (Bruce Brenneise) [UNF] {282}.jpg
201 - 250,Plains,Magali Villeneuve,277,Plains (Magali Villeneuve) [DMU] {277}.jpg
251 - 300,Plains,Carlos Palma Cruchaga,263,Plains (Carlos Palma Cruchaga) [BLB] {263}.jpg
301 - 350,Forest,David Robert Hovey,278,Forest (David Robert Hovey) [BLB] {278}.jpg
351 - 400,Wasteland,Hristo D. Chukov,376,Wasteland (Hristo D. Chukov) [LTC] {376}.jpg
401 - 450,"Dakkon, Shadow Slayer",Jake Murray,304,"Dakkon, Shadow Slayer (Jake Murray) [MH2] {304}.jpg"
51 - 100,Innocent Traveler,Igor Kieryluk,336,Innocent Traveler (Igor Kieryluk) [VOW] {336}.jpg
101 - 150,No Mercy,Ron Spencer,427,No Mercy (Ron Spencer) [DMR] {427}.jpg
151 - 200,Mountain,Wei Guan,107,Mountain (Wei Guan) [ACR] {107}.jpg
201 - 250,Plains,Sam Burley,251,Plains (Sam Burley) [BFZ] {251}.jpg
251 - 300,Island,Evan Cagle,366,Island (Evan Cagle) [ONE] {366}.jpg
301 - 350,"Geralf, Visionary Stitcher",Cabrol,319,"Geralf, Visionary Stitcher (Cabrol) [VOW] {319}.jpg"
351 - 400,Generous Gift,Ayako Ishiguro,369,Generous Gift (Ayako Ishiguro) [SLD] {369}.jpg
401 - 450,Violent Outburst,Tatamepi,1185,Violent Outburst (Tatamepi) [SLD] {1185}.jpg
51 - 100,Forest,Alayna Danner,1515,Forest (Alayna Danner) [SLD] {1515}.jpg
101 - 150,Island,Dan Mumford,271,Island (Dan Mumford) [MID] {271}.jpg
151 - 200,Heirloom Blade,Ayako Ishiguro,372,Heirloom Blade (Ayako Ishiguro) [SLD] {372}.jpg
201 - 250,Urabrask,Kekai Kotaki,299,Urabrask (Kekai Kotaki) [MOM] {299}.jpg
251 - 300,Swamp,Sam Burley,261,Swamp (Sam Burley) [BFZ] {261}.jpg
301 - 350,Pyretic Ritual,Svetlin Velinov,1064,Pyretic Ritual (Svetlin Velinov) [SLD] {1064}.jpg
351 - 400,Heir of the Wilds,David Palumbo,134,Heir of the Wilds (David Palumbo) [PKTK] {134}.jpg
401 - 450,Spell Pierce,Andrew Mar,4,Spell Pierce (Andrew Mar) [SCH] {4}.jpg
51 - 100,Forest,Adam Paquette,244,Forest (Adam Paquette) [UNF] {244}.jpg
101 - 150,Treasure,Richard Suwono,5,Treasure (Richard Suwono) [PTSNC] {5}.jpg
151 - 200,Plains,Sam Burley,266,Plains (Sam Burley) [ZNR] {266}.jpg
201 - 250,Mountain,Pablo Mendoza,324,Mountain (Pablo Mendoza) [PIP] {324}.jpg
251 - 300,"Ragavan, Nimble Pilferer",Magali Villeneuve,21,"Ragavan, Nimble Pilferer (Magali Villeneuve) [MUL] {21}.jpg"
301 - 350,Swamp,Nikola Matkovic,322,Swamp (Nikola Matkovic) [PIP] {322}.jpg
351 - 400,Shattered Sanctum,Donato Giancola,283,Shattered Sanctum (Donato Giancola) [VOW] {283}.jpg
401 - 450,Island,Daniel Warren Johnson,673,Island (Daniel Warren Johnson) [SLD] {673}.jpg
51 - 100,Mountain,Adam Paquette,238,Mountain (Adam Paquette) [UNF] {238}.jpg
101 - 150,Mountain,Adam Paquette,238,Mountain (Adam Paquette) [UNF] {238}.jpg
151 - 200,Plains,John Avon,136,Plains (John Avon) [UNH] {136}.jpg
201 - 250,Avenger of Zendikar,Dominik Mayer,158,Avenger of Zendikar (Dominik Mayer) [SLD] {158}.jpg
251 - 300,Island,Adam Paquette,241,Island (Adam Paquette) [UNF] {241}.jpg
301 - 350,Snow-Covered Island,Titus Lunter,251,Snow-Covered Island (Titus Lunter) [MH1] {251}.jpg
351 - 400,Island,Samuele Bandini,305,Island (Samuele Bandini) [MH3] {305}.jpg
401 - 450,All-Seeing Arbiter,Nicholas Gregory,3,All-Seeing Arbiter (Nicholas Gregory) [GDY] {3}.jpg
51 - 100,Forest,Terese Nielsen,88,Forest (Terese Nielsen) [UGL] {88}.jpg
101 - 150,Swamp,Adam Paquette,262,Swamp (Adam Paquette) [BFZ] {262}.jpg
151 - 200,Mountain,Ayami Nakashima,300,Mountain (Ayami Nakashima) [NEO] {300}.jpg
201 - 250,Vindicate,Livia Prima,322,Vindicate (Livia Prima) [MH2] {322}.jpg
251 - 300,Mountain,Jeanne D'Angelo,389,Mountain (Jeanne D'Angelo) [SLD] {389}.jpg
301 - 350,Touch the Spirit Realm,Mila Pesic,4,Touch the Spirit Realm (Mila Pesic) [GDY] {4}.jpg
351 - 400,Swamp,Deven Rue,276,Swamp (Deven Rue) [LTR] {276}.jpg
401 - 450,Svyelun of Sea and Sky,Howard Lyon,310,Svyelun of Sea and Sky (Howard Lyon) [MH2] {310}.jpg
51 - 100,Forest,Noah Bradley,382,Forest (Noah Bradley) [2XM] {382}.jpg
101 - 150,Plains,Terese Nielsen,1★,Plains (Terese Nielsen) [J14] {1★}.jpg
151 - 200,Plains,Adam Paquette,88,Plains (Adam Paquette) [UND] {88}.jpg
201 - 250,Violent Outburst,Tatamepi,1185,Violent Outburst (Tatamepi) [SLD] {1185}.jpg
251 - 300,High Tide,Jeff Miracola,419,High Tide (Jeff Miracola) [DMR] {419}.jpg
301 - 350,Forest,Yeong-Hao Han,189,Forest (Yeong-Hao Han) [HOU] {189}.jpg
351 - 400,Swamp,Matteo Bassini,276,Swamp (Matteo Bassini) [SNC] {276}.jpg
401 - 450,Mountain,Alayna Danner,265,Mountain (Alayna Danner) [ONE] {265}.jpg
51 - 100,"Emry, Lurker of the Loch",Brandi Milne,2019,"Emry, Lurker of the Loch (Brandi Milne) [SLC] {2019}.jpg"
101 - 150,Lightning Bolt,Brigitte Roka,84,Lightning Bolt (Brigitte Roka) [SLD] {84}.jpg
151 - 200,The Grand Evolution,Flavio Girón,301,The Grand Evolution (Flavio Girón) [MOM] {301}.jpg
201 - 250,The Meep,Billy Christian,1581,The Meep (Billy Christian) [SLD] {1581}.jpg
251 - 300,"Shalai, Voice of Plenty",Ernanda Souza,244,"Shalai, Voice of Plenty (Ernanda Souza) [SLD] {244}.jpg"
301 - 350,Forest,Jung Park,247,Forest (Jung Park) [ZEN] {247}.jpg
351 - 400,Godless Shrine,Bruce Brenneise,282,Godless Shrine (Bruce Brenneise) [UNF] {282}.jpg
401 - 450,Plains,Adam Paquette,267,Plains (Adam Paquette) [ZNR] {267}.jpg
51 - 100,"Daxos, Blessed by the Sun",Jason A. Engle,258,"Daxos, Blessed by the Sun (Jason A. Engle) [THB] {258}.jpg"
101 - 150,Swamp,Deven Rue,276,Swamp (Deven Rue) [LTR] {276}.jpg
151 - 200,Plains,Carlos Palma Cruchaga,264,Plains (Carlos Palma Cruchaga) [BLB] {264}.jpg
201 - 250,Mountain,Adam Paquette,276,Mountain (Adam Paquette) [ZNR] {276}.jpg
251 - 300,Island,Samuele Bandini,319,Island (Samuele Bandini) [PIP] {319}.jpg
301 - 350,Privileged Position,Donato Giancola,385,Privileged Position (Donato Giancola) [2X2] {385}.jpg
351 - 400,Lightning Bolt,Noah Bradley,83,Lightning Bolt (Noah Bradley) [SLD] {83}.jpg
401 - 450,Swamp,John Avon,138,Swamp (John Avon) [UNH] {138}.jpg
51 - 100,Silvergill Adept,Slawomir Maniak,53,Silvergill Adept (Slawomir Maniak) [PRIX] {53}.jpg
101 - 150,Mountain,Victor Harmatiuk,285,Mountain (Victor Harmatiuk) [BRO] {285}.jpg
151 - 200,Plains,Hari & Deepti,262,Plains (Hari & Deepti) [WOE] {262}.jpg
201 - 250,Treasure,Chong Fei Giap,1,Treasure (Chong Fei Giap) [PTSNC] {1}.jpg
251 - 300,Forest,Jung Park,247,Forest (Jung Park) [ZEN] {247}.jpg
301 - 350,"Geralf, Visionary Stitcher",Cabrol,319,"Geralf, Visionary Stitcher (Cabrol) [VOW] {319}.jpg"
351 - 400,Coiling Oracle,Richard Kane Ferguson,375,Coiling Oracle (Richard Kane Ferguson) [2X2] {375}.jpg
401 - 450,Forest,Samuele Bandini,5,Forest (Samuele Bandini) [PSS4] {5}.jpg
51 - 100,"Heliod, God of the Sun",Jason A. Engle,68,"Heliod, God of the Sun (Jason A. Engle) [SLD] {68}.jpg"
101 - 150,Swamp,Adam Paquette,262,Swamp (Adam Paquette) [BFZ] {262}.jpg
151 - 200,Lightning Helix,Martin Ontiveros,2005,Lightning Helix (Martin Ontiveros) [SLC] {2005}.jpg
201 - 250,Scavenging Ooze,Wizard of Barge,135,Scavenging Ooze (Wizard of Barge) [SLD] {135}.jpg
251 - 300,Nature's Will,Dai-XT,82,Nature's Will (Dai-XT) [WOT] {82}.jpg
301 - 350,"Ragavan, Nimble Pilferer",Magali Villeneuve,21,"Ragavan, Nimble Pilferer (Magali Villeneuve) [MUL] {21}.jpg"
351 - 400,Dictate of Kruphix,Ryan Barger,37,Dictate of Kruphix (Ryan Barger) [PJOU] {37}.jpg
401 - 450,Generous Gift,Ayako Ishiguro,369,Generous Gift (Ayako Ishiguro) [SLD] {369}.jpg
51 - 100,Siege-Gang Commander,Jeff Miracola,436,Siege-Gang Commander (Jeff Miracola) [DMR] {436}.jpg
101 - 150,Forest,Alayna Danner,276,Forest (Alayna Danner) [MID] {276}.jpg
151 - 200,Shardless Agent,Mila Pesic,321,Shardless Agent (Mila Pesic) [MH2] {321}.jpg
201 - 250,"Emmara, Soul of the Accord",Randy Vargas,168,"Emmara, Soul of the Accord (Randy Vargas) [PGRN] {168}.jpg"
251 - 300,Radiant Flames,Ryan Barger,151,Radiant Flames (Ryan Barger) [PBFZ] {151}.jpg
301 - 350,Swamp,Robin Olausson,283,Swamp (Robin Olausson) [BRO] {283}.jpg
351 - 400,Mountain,Alayna Danner,1514,Mountain (Alayna Danner) [SLD] {1514}.jpg
401 - 450,Mother of Runes,Livia Prima,299,Mother of Runes (Livia Prima) [SLD] {299}.jpg
51 - 100,Dauthi Voidwalker,Andreia Ugrai,23e,Dauthi Voidwalker (Andreia Ugrai) [SCH] {23e}.jpg
101 - 150,Island,Robin Olausson,280,Island (Robin Olausson) [BRO] {280}.jpg
151 - 200,Plains,Veronique Meignaud,232,Plains (Veronique Meignaud) [ZEN] {232}.jpg
201 - 250,Forest,Jeanne D'Angelo,388,Forest (Jeanne D'Angelo) [SLD] {388}.jpg
251 - 300,Firemane Avenger,Ryan Barger,163,Firemane Avenger (Ryan Barger) [PGTC] {163}.jpg
301 - 350,Forest,Nikola Matkovic,326,Forest (Nikola Matkovic) [PIP] {326}.jpg
351 - 400,Forest,Hari & Deepti,266,Forest (Hari & Deepti) [WOE] {266}.jpg
401 - 450,Plains,John Avon,212,Plains (John Avon) [UST] {212}.jpg
51 - 100,Snow-Covered Wastes,Tomas Honz,309,Snow-Covered Wastes (Tomas Honz) [MH3] {309}.jpg
101 - 150,Swamp,Adam Paquette,262,Swamp (Adam Paquette) [BFZ] {262}.jpg
151 - 200,"Baral, Chief of Compliance",Dmitry Burmak,1447,"Baral, Chief of Compliance (Dmitry Burmak) [SLD] {1447}.jpg"
201 - 250,Mother of Runes,Ejiwa Edge Ebenebe,296,Mother of Runes (Ejiwa Edge Ebenebe) [SLD] {296}.jpg
251 - 300,Mountain,Florian de Gesincourt,253,Mountain (Florian de Gesincourt) [AKH] {253}.jpg
301 - 350,Construct,Seung Hoon Na,T1,Construct (Seung Hoon Na) [PBRO] {T1}.jpg
351 - 400,Plains,Hari & Deepti,262,Plains (Hari & Deepti) [WOE] {262}.jpg
401 - 450,The Howling Abomination,David Rapoza,431,The Howling Abomination (David Rapoza) [SLD] {431}.jpg
51 - 100,Swamp,Elektrodeko,289,Swamp (Elektrodeko) [LCI] {289}.jpg
101 - 150,Silence,Sam Hogg,1445,Silence (Sam Hogg) [SLD] {1445}.jpg
151 - 200,Swamp,Seb McKinnon,119,Swamp (Seb McKinnon) [SLD] {119}.jpg
201 - 250,Commander's Sphere,Tyler Walpole,315,Commander's Sphere (Tyler Walpole) [SLD] {315}.jpg
251 - 300,Forest,Adam Paquette,239,Forest (Adam Paquette) [UNF] {239}.jpg
301 - 350,Plains,Adam Paquette,267,Plains (Adam Paquette) [ZNR] {267}.jpg
351 - 400,Siege-Gang Commander,Jeff Miracola,436,Siege-Gang Commander (Jeff Miracola) [DMR] {436}.jpg
401 - 450,"Tadeas, Juniper Ascendant",Victor Adame Minguez,433,"Tadeas, Juniper Ascendant (Victor Adame Minguez) [SLD] {433}.jpg"
51 - 100,Plains,JungShan,1399,Plains (JungShan) [SLD] {1399}.jpg
101 - 150,Forest,David Robert Hovey,281,Forest (David Robert Hovey) [BLB] {281}.jpg
151 - 200,Snow-Covered Mountain,Titus Lunter,253,Snow-Covered Mountain (Titus Lunter) [MH1] {253}.jpg
201 - 250,Plains,Adam Paquette,267,Plains (Adam Paquette) [ZNR] {267}.jpg
251 - 300,Mana Crypt,Dominik Mayer,17,Mana Crypt (Dominik Mayer) [SPG] {17}.jpg
301 - 350,Swamp,Sam Burley,261,Swamp (Sam Burley) [BFZ] {261}.jpg
351 - 400,Island,Hari & Deepti,263,Island (Hari & Deepti) [WOE] {263}.jpg
401 - 450,Mountain,Chuck Lukacs,307,Mountain (Chuck Lukacs) [MH3] {307}.jpg
51 - 100,Seize the Day,Frank Frazetta,1172,Seize the Day (Frank Frazetta) [SLD] {1172}.jpg
101 - 150,Swamp,Veronique Meignaud,240,Swamp (Veronique Meignaud) [ZEN] {240}.jpg
151 - 200,Skyclave Apparition,Mila Pesic,2,Skyclave Apparition (Mila Pesic) [GDY] {2}.jpg
201 - 250,Wastes,AKQA,795,Wastes (AKQA) [SLD] {795}.jpg
251 - 300,Supplant Form,Mike Bierek,54,Supplant Form (Mike Bierek) [PFRF] {54}.jpg
301 - 350,Plains,Carlos Palma Cruchaga,263,Plains (Carlos Palma Cruchaga) [BLB] {263}.jpg
351 - 400,Mana Leak,Christopher Rush,5,Mana Leak (Christopher Rush) [P05] {5}.jpg
401 - 450,Swamp,John Thacker,270,Swamp (John Thacker) [BLB] {270}.jpg
51 - 100,Vindicate,Livia Prima,322,Vindicate (Livia Prima) [MH2] {322}.jpg
101 - 150,,,,Mountain (Simon Dominic) [REX] {24} (1).jpg
151 - 200,Squelching Leeches,Tomasz Jedruszek,84,Squelching Leeches (Tomasz Jedruszek) [PJOU] {84}.jpg
201 - 250,Mudhole,Titus Lunter,62,Mudhole (Titus Lunter) [SLD] {62}.jpg
251 - 300,High Tide,Jeff Miracola,419,High Tide (Jeff Miracola) [DMR] {419}.jpg
301 - 350,Forest,Ezoi,302,Forest (Ezoi) [NEO] {302}.jpg
351 - 400,Island,John Avon,213,Island (John Avon) [UST] {213}.jpg
401 - 450,Swamp,Jeanne D'Angelo,384,Swamp (Jeanne D'Angelo) [SLD] {384}.jpg
51 - 100,Island,Adam Paquette,269,Island (Adam Paquette) [ZNR] {269}.jpg
101 - 150,Treasure,Richard Suwono,5,Treasure (Richard Suwono) [PTSNC] {5}.jpg
151 - 200,"Ulamog, the Infinite Gyre",Thomas M. Baxa,337,"Ulamog, the Infinite Gyre (Thomas M. Baxa) [2X2] {337}.jpg"
201 - 250,Island,Adam Paquette,236,Island (Adam Paquette) [UNF] {236}.jpg
251 - 300,Deserted Beach,Piotr Dura,281,Deserted Beach (Piotr Dura) [MID] {281}.jpg
301 - 350,Mountain,Andrew Theophilopoulos,275,Mountain (Andrew Theophilopoulos) [BLB] {275}.jpg
351 - 400,Forest,David Robert Hovey,278,Forest (David Robert Hovey) [BLB] {278}.jpg
401 - 450,Absorb,Randy Gallegos,443,Absorb (Randy Gallegos) [DMR] {443}.jpg
51 - 100,Forest,Alayna Danner,276,Forest (Alayna Danner) [MID] {276}.jpg
101 - 150,Skyclave Apparition,Mila Pesic,2,Skyclave Apparition (Mila Pesic) [GDY] {2}.jpg
151 - 200,Mana Crypt,Dominik Mayer,17,Mana Crypt (Dominik Mayer) [SPG] {17}.jpg
201 - 250,Swamp,Alexander Forssberg,3,Swamp (Alexander Forssberg) [PSS4] {3}.jpg
251 - 300,Mountain,Vincent Proce,245,Mountain (Vincent Proce) [ZEN] {245}.jpg
301 - 350,"Ragavan, Nimble Pilferer",Zoltan Boros,315,"Ragavan, Nimble Pilferer (Zoltan Boros) [MH2] {315}.jpg"
351 - 400,"Frodo, Sauron's Bane",Marta Nael,448,"Frodo, Sauron's Bane (Marta Nael) [LTR] {448}.jpg"
401 - 450,Trailblazer's Boots,Alexander Gering,398,Trailblazer's Boots (Alexander Gering) [LTR] {398}.jpg
51 - 100,Mountain,Adam Paquette,238,Mountain (Adam Paquette) [UNF] {238}.jpg
101 - 150,Forest,David Robert Hovey,281,Forest (David Robert Hovey) [BLB] {281}.jpg
151 - 200,"Hansk, Slayer Zealot",Romana Kendelic,144,"Hansk, Slayer Zealot (Romana Kendelic) [SLD] {144}.jpg"
201 - 250,Swamp,John Thacker,273,Swamp (John Thacker) [BLB] {273}.jpg
251 - 300,Mountain,Andrew Theophilopoulos,274,Mountain (Andrew Theophilopoulos) [BLB] {274}.jpg
301 - 350,Haunted Ridge,Piotr Dura,282,Haunted Ridge (Piotr Dura) [MID] {282}.jpg
351 - 400,Treasure,Hongtae Taecholarn,2,Treasure (Hongtae Taecholarn) [PTSNC] {2}.jpg
401 - 450,Plains,Tomohito,294,Plains (Tomohito) [NEO] {294}.jpg
51 - 100,Plains,Titus Lunter,185,Plains (Titus Lunter) [HOU] {185}.jpg
101 - 150,Reclusive Taxidermist,Tomasz Jedruszek,340,Reclusive Taxidermist (Tomasz Jedruszek) [VOW] {340}.jpg
151 - 200,Dark Confidant,Livia Prima,3,Dark Confidant (Livia Prima) [SCH] {3}.jpg
201 - 250,"Sisay, Weatherlight Captain",Marta Nael,1444,"Sisay, Weatherlight Captain (Marta Nael) [SLD] {1444}.jpg"
251 - 300,Forest,Matteo Bassini,280,Forest (Matteo Bassini) [SNC] {280}.jpg
301 - 350,"Thrasta, Tempest's Roar",Randy Vargas,318,"Thrasta, Tempest's Roar (Randy Vargas) [MH2] {318}.jpg"
351 - 400,Field Marshal,Frank Frazetta,1168,Field Marshal (Frank Frazetta) [SLD] {1168}.jpg
401 - 450,Mountain,JungShan,1402,Mountain (JungShan) [SLD] {1402}.jpg
51 - 100,Dragonlord Ojutai,Yuko Shimizu,2015,Dragonlord Ojutai (Yuko Shimizu) [SLC] {2015}.jpg
101 - 150,Treasure,Richard Suwono,5,Treasure (Richard Suwono) [PTSNC] {5}.jpg
151 - 200,Battle of Wits,Anna Pavleeva,1446,Battle of Wits (Anna Pavleeva) [SLD] {1446}.jpg
201 - 250,"Nylea, God of the Hunt",Jason A. Engle,80,"Nylea, God of the Hunt (Jason A. Engle) [SLD] {80}.jpg"
251 - 300,Mountain,Ayami Nakashima,299,Mountain (Ayami Nakashima) [NEO] {299}.jpg
301 - 350,The Great Work,José Parodi,341,The Great Work (José Parodi) [MOM] {341}.jpg
351 - 400,Mountain,Zbigniew M. Bielak,278,Mountain (Zbigniew M. Bielak) [SNC] {278}.jpg
401 - 450,Island,Maiko Aoji,296,Island (Maiko Aoji) [NEO] {296}.jpg
51 - 100,Mountain,Sam Burley,253,Mountain (Sam Burley) [THB] {253}.jpg
101 - 150,Island,Daniel Warren Johnson,673,Island (Daniel Warren Johnson) [SLD] {673}.jpg
151 - 200,Unsubstantiate,Svetlin Velinov,79,Unsubstantiate (Svetlin Velinov) [PEMN] {79}.jpg
201 - 250,Swamp,Pablo Mendoza,23,Swamp (Pablo Mendoza) [REX] {23}.jpg
251 - 300,Shark Typhoon,Edgar Sanchez Hidalgo,2020,Shark Typhoon (Edgar Sanchez Hidalgo) [SLC] {2020}.jpg
301 - 350,"Nylea, Keen-Eyed",Jason A. Engle,266,"Nylea, Keen-Eyed (Jason A. Engle) [THB] {266}.jpg"
351 - 400,"Heliod, the Warped Eclipse",Jason A. Engle,293,"Heliod, the Warped Eclipse (Jason A. Engle) [MOM] {293}.jpg"
401 - 450,Swamp,Wei Guan,105,Swamp (Wei Guan) [ACR] {105}.jpg
51 - 100,Warren Instigator,Matteo Bassini,157,Warren Instigator (Matteo Bassini) [SLD] {157}.jpg
101 - 150,Island,Pablo Mendoza,320,Island (Pablo Mendoza) [PIP] {320}.jpg
151 - 200,Reclamation Sage,Clint Cearley,194,Reclamation Sage (Clint Cearley) [PM15] {194}.jpg
201 - 250,Plains,Elektrodeko,272,Plains (Elektrodeko) [SNC] {272}.jpg
251 - 300,Shivan Dragon,Justine Jones,1993,Shivan Dragon (Justine Jones) [SLC] {1993}.jpg
301 - 350,Shivan Dragon,Justine Jones,1993,Shivan Dragon (Justine Jones) [SLC] {1993}.jpg
351 - 400,Plains,Adam Paquette,240,Plains (Adam Paquette) [UNF] {240}.jpg
401 - 450,Mountain,Wei Guan,107,Mountain (Wei Guan) [ACR] {107}.jpg
51 - 100,Mountain,Magali Villeneuve,280,Mountain (Magali Villeneuve) [DMU] {280}.jpg
101 - 150,Forest,David Robert Hovey,278,Forest (David Robert Hovey) [BLB] {278}.jpg
151 - 200,Sign in Blood,Alan Pollack,3,Sign in Blood (Alan Pollack) [P10] {3}.jpg
201 - 250,Heir of the Wilds,David Palumbo,134,Heir of the Wilds (David Palumbo) [PKTK] {134}.jpg
251 - 300,Swamp,Kerby Rosanes,273,Swamp (Kerby Rosanes) [VOW] {273}.jpg
301 - 350,Forest,Ezoi,301,Forest (Ezoi) [NEO] {301}.jpg
351 - 400,Brion Stoutarm,Lius Lasahido,1450,Brion Stoutarm (Lius Lasahido) [SLD] {1450}.jpg
401 - 450,Island,Filipe Pagliuso,104,Island (Filipe Pagliuso) [ACR] {104}.jpg
51 - 100,Hauken's Insight,Slawomir Maniak,332,Hauken's Insight (Slawomir Maniak) [VOW] {332}.jpg
101 - 150,Dragonlord Ojutai,Yuko Shimizu,2015,Dragonlord Ojutai (Yuko Shimizu) [SLC] {2015}.jpg
151 - 200,Bitterblossom,Olena Richards,12,Bitterblossom (Olena Richards) [SLD] {12}.jpg
201 - 250,Generous Gift,Ayako Ishiguro,369,Generous Gift (Ayako Ishiguro) [SLD] {369}.jpg
251 - 300,"Hargilde, Kindly Runechanter",Colin Boyer,342,"Hargilde, Kindly Runechanter (Colin Boyer) [SLD] {342}.jpg"
301 - 350,"Eruth, Tormented Prophet",Dave Kendall,342,"Eruth, Tormented Prophet (Dave Kendall) [VOW] {342}.jpg"
351 - 400,Plains,Adam Paquette,88,Plains (Adam Paquette) [UND] {88}.jpg
401 - 450,Plains,Jubilee,1468,Plains (Jubilee) [SLD] {1468}.jpg
