object,id,code,mtgo_code,arena_code,tcgplayer_id,name,uri,scryfall_uri,search_uri,released_at,set_type,card_count,digital,nonfoil_only,foil_only,icon_svg_uri,card_name,artist,collector_number,background
set,a7ecb771-d1b6-4dec-8cf5-8d45179f21e0,fdn,fdn,fdn,23556,Foundations,https://api.scryfall.com/sets/a7ecb771-d1b6-4dec-8cf5-8d45179f21e0,https://scryfall.com/sets/fdn,https://api.scryfall.com/cards/search?include_extras=true&include_variations=true&order=set&q=e%3Afdn&unique=prints,2024-11-15,core,10,false,false,false,https://svgs.scryfall.io/sets/default.svg?1720411200,Lightning Bolt,Kekai Kotaki,1,Lightning Bolt (Kekai Kotaki) [PF19] {1}.jpg
set,a111d8a9-b647-48ec-afab-2b78f92173f5,dsk,dsk,dsk,23550,Duskmourn: House of Horror,https://api.scryfall.com/sets/a111d8a9-b647-48ec-afab-2b78f92173f5,https://scryfall.com/sets/dsk,https://api.scryfall.com/cards/search?include_extras=true&include_variations=true&order=set&q=e%3Adsk&unique=prints,2024-09-27,expansion,32,false,false,false,https://svgs.scryfall.io/sets/dsk.svg?1720411200,Pyroclasm,Dave Dorman,3,Pyroclasm (Dave Dorman) [P06] {3}.jpg
set,a2f58272-bba6-439d-871e-7a46686ac018,blb,blb,blb,23447,Bloomburrow,https://api.scryfall.com/sets/a2f58272-bba6-439d-871e-7a46686ac018,https://scryfall.com/sets/blb,https://api.scryfall.com/cards/search?include_extras=true&include_variations=true&order=set&q=e%3Ablb&unique=prints,2024-08-02,expansion,250,false,false,false,https://svgs.scryfall.io/sets/blb.svg?1720411200,Forest,David Robert Hovey,278,Forest (David Robert Hovey) [BLB] {278}.jpg
set,c0f860b9-a2d0-4fd7-bfac-a49ac60c84f1,blc,blc,blc,23448,Bloomburrow Commander,https://api.scryfall.com/sets/c0f860b9-a2d0-4fd7-bfac-a49ac60c84f1,https://scryfall.com/sets/blc,https://api.scryfall.com/cards/search?include_extras=true&include_variations=true&order=set&q=e%3Ablc&unique=prints,2024-08-02,commander,19,false,false,false,https://svgs.scryfall.io/sets/blc.svg?1720411200,,,,Forest (Yeong-Hao Han) [REX] {25} (1).jpg
set,54b67b0b-cd3f-4e0d-ac25-fef5d966409b,acr,acr,acr,23446,Assassin's Creed,https://api.scryfall.com/sets/54b67b0b-cd3f-4e0d-ac25-fef5d966409b,https://scryfall.com/sets/acr,https://api.scryfall.com/cards/search?include_extras=true&include_variations=true&order=set&q=e%3Aacr&unique=prints,2024-07-05,draft_innovation,309,false,false,false,https://svgs.scryfall.io/sets/acr.svg?1720411200,Forest,Daniel Correia,109,Forest (Daniel Correia) [ACR] {109}.jpg
set,3ed80bb6-77e8-4aa7-8262-95377a38aba1,mh3,mh3,mh3,23444,Modern Horizons 3,https://api.scryfall.com/sets/3ed80bb6-77e8-4aa7-8262-95377a38aba1,https://scryfall.com/sets/mh3,https://api.scryfall.com/cards/search?include_extras=true&include_variations=true&order=set&q=e%3Amh3&unique=prints,2024-06-14,draft_innovation,522,false,false,false,https://svgs.scryfall.io/sets/mh3.svg?1720411200,Forest,Vance Kovacs,308,Forest (Vance Kovacs) [MH3] {308}.jpg
set,f5e00721-cf99-43ba-bf16-b22d56d12c73,m3c,,,23445,Modern Horizons 3 Commander,https://api.scryfall.com/sets/f5e00721-cf99-43ba-bf16-b22d56d12c73,https://scryfall.com/sets/m3c,https://api.scryfall.com/cards/search?include_extras=true&include_variations=true&order=set&q=e%3Am3c&unique=prints,2024-06-14,commander,398,false,false,false,https://svgs.scryfall.io/sets/m3c.svg?1720411200,Plains,Deven Rue,273,Plains (Deven Rue) [LTR] {273}.jpg
set,20e53d4f-2ce8-4d82-9c7c-e6378a0134ad,h2r,,,,Modern Horizons 2 Timeshifts,https://api.scryfall.com/sets/20e53d4f-2ce8-4d82-9c7c-e6378a0134ad,https://scryfall.com/sets/h2r,https://api.scryfall.com/cards/search?include_extras=true&include_variations=true&order=set&q=e%3Ah2r&unique=prints,2024-06-07,draft_innovation,16,false,false,false,https://svgs.scryfall.io/sets/mh2.svg?1720411200,Malicious Invader,Igor Kieryluk,336,Malicious Invader (Igor Kieryluk) [VOW] {336}.jpg
set,d6548798-0c10-4509-b71a-2d8b1d14665a,otc,,,23440,Outlaws of Thunder Junction Commander,https://api.scryfall.com/sets/d6548798-0c10-4509-b71a-2d8b1d14665a,https://scryfall.com/sets/otc,https://api.scryfall.com/cards/search?include_extras=true&include_variations=true&order=set&q=e%3Aotc&unique=prints,2024-04-19,commander,342,false,false,false,https://svgs.scryfall.io/sets/otc.svg?1720411200,Seize the Day,Frank Frazetta,1172,Seize the Day (Frank Frazetta) [SLD] {1172}.jpg
set,55a85ebe-644e-4bef-8be8-5290408be3d1,otj,otj,otj,23439,Outlaws of Thunder Junction,https://api.scryfall.com/sets/55a85ebe-644e-4bef-8be8-5290408be3d1,https://scryfall.com/sets/otj,https://api.scryfall.com/cards/search?include_extras=true&include_variations=true&order=set&q=e%3Aotj&unique=prints,2024-04-19,expansion,374,false,false,false,https://svgs.scryfall.io/sets/otj.svg?1720411200,Forest,Salvatorre Zee Yazzie,276,Forest (Salvatorre Zee Yazzie) [OTJ] {276}.jpg
set,14332d2c-ba93-4498-bf3f-9d601f88f783,big,big,big,23443,The Big Score,https://api.scryfall.com/sets/14332d2c-ba93-4498-bf3f-9d601f88f783,https://scryfall.com/sets/big,https://api.scryfall.com/cards/search?include_extras=true&include_variations=true&order=set&q=e%3Abig&unique=prints,2024-04-19,expansion,95,false,false,false,https://svgs.scryfall.io/sets/big.svg?1720411200,Plains,Salvatorre Zee Yazzie,272,Plains (Salvatorre Zee Yazzie) [OTJ] {272}.jpg
set,d84d7a49-2ef4-4808-83b4-8c65b4aa0e2d,pip,,,23337,Fallout,https://api.scryfall.com/sets/d84d7a49-2ef4-4808-83b4-8c65b4aa0e2d,https://scryfall.com/sets/pip,https://api.scryfall.com/cards/search?include_extras=true&include_variations=true&order=set&q=e%3Apip&unique=prints,2024-03-08,commander,1068,false,false,false,https://svgs.scryfall.io/sets/pip.svg?1720411200,Forest,Nikola Matkovic,326,Forest (Nikola Matkovic) [PIP] {326}.jpg
set,d4bfabcf-a859-43a4-9d8a-665533c8b174,clu,,,23362,Ravnica: Clue Edition,https://api.scryfall.com/sets/d4bfabcf-a859-43a4-9d8a-665533c8b174,https://scryfall.com/sets/clu,https://api.scryfall.com/cards/search?include_extras=true&include_variations=true&order=set&q=e%3Aclu&unique=prints,2024-02-23,draft_innovation,284,false,false,false,https://svgs.scryfall.io/sets/clu.svg?1720411200,Subtlety,Svetlin Velinov,309,Subtlety (Svetlin Velinov) [MH2] {309}.jpg
set,2b17794b-15c3-4796-ad6f-0887a0eceeca,mkm,mkm,mkm,23361,Murders at Karlov Manor,https://api.scryfall.com/sets/2b17794b-15c3-4796-ad6f-0887a0eceeca,https://scryfall.com/sets/mkm,https://api.scryfall.com/cards/search?include_extras=true&include_variations=true&order=set&q=e%3Amkm&unique=prints,2024-02-09,expansion,450,false,false,false,https://svgs.scryfall.io/sets/mkm.svg?1720411200,Forest,Mia Boas,276,Forest (Mia Boas) [MKM] {276}.jpg
set,286c37ca-ba65-4d3e-8c5d-d1878d88fd95,mkc,,,23363,Murders at Karlov Manor Commander,https://api.scryfall.com/sets/286c37ca-ba65-4d3e-8c5d-d1878d88fd95,https://scryfall.com/sets/mkc,https://api.scryfall.com/cards/search?include_extras=true&include_variations=true&order=set&q=e%3Amkc&unique=prints,2024-02-09,commander,358,false,false,false,https://svgs.scryfall.io/sets/mkc.svg?1720411200,Plains,Sergey Glushakov,278,Plains (Sergey Glushakov) [BRO] {278}.jpg
set,d253edc3-5bc7-4cf1-9446-a8540dedffa5,lcc,lcc,lcc,23316,The Lost Caverns of Ixalan Commander,https://api.scryfall.com/sets/d253edc3-5bc7-4cf1-9446-a8540dedffa5,https://scryfall.com/sets/lcc,https://api.scryfall.com/cards/search?include_extras=true&include_variations=true&order=set&q=e%3Alcc&unique=prints,2023-11-17,commander,370,false,false,false,https://svgs.scryfall.io/sets/lcc.svg?1720411200,Mountain,Daria Khlebnikova,275,Mountain (Daria Khlebnikova) [VOW] {275}.jpg
set,70169a6e-89d1-4a3a-aef7-3152958d55ac,lci,lci,lci,23312,The Lost Caverns of Ixalan,https://api.scryfall.com/sets/70169a6e-89d1-4a3a-aef7-3152958d55ac,https://scryfall.com/sets/lci,https://api.scryfall.com/cards/search?include_extras=true&include_variations=true&order=set&q=e%3Alci&unique=prints,2023-11-17,expansion,416,false,false,false,https://svgs.scryfall.io/sets/lci.svg?1720411200,Forest,Matteo Bassini,291,Forest (Matteo Bassini) [LCI] {291}.jpg
set,efdfdd99-cee7-4c11-a5e9-03d60f88bdd6,who,,,23165,Doctor Who,https://api.scryfall.com/sets/efdfdd99-cee7-4c11-a5e9-03d60f88bdd6,https://scryfall.com/sets/who,https://api.scryfall.com/cards/search?include_extras=true&include_variations=true&order=set&q=e%3Awho&unique=prints,2023-10-13,commander,1178,false,false,false,https://svgs.scryfall.io/sets/who.svg?1720411200,Forest,Yeong-Hao Han,189,Forest (Yeong-Hao Han) [HOU] {189}.jpg
set,51c0814a-2db2-4182-9aac-77340e9a540d,woc,,,23164,Wilds of Eldraine Commander,https://api.scryfall.com/sets/51c0814a-2db2-4182-9aac-77340e9a540d,https://scryfall.com/sets/woc,https://api.scryfall.com/cards/search?include_extras=true&include_variations=true&order=set&q=e%3Awoc&unique=prints,2023-09-08,commander,173,false,false,false,https://svgs.scryfall.io/sets/woc.svg?1720411200,Forest,Veronique Meignaud,248,Forest (Veronique Meignaud) [ZEN] {248}.jpg
set,79139661-13ee-43c4-8bad-a8c069f1a1df,woe,woe,woe,23163,Wilds of Eldraine,https://api.scryfall.com/sets/79139661-13ee-43c4-8bad-a8c069f1a1df,https://scryfall.com/sets/woe,https://api.scryfall.com/cards/search?include_extras=true&include_variations=true&order=set&q=e%3Awoe&unique=prints,2023-09-08,expansion,381,false,false,false,https://svgs.scryfall.io/sets/woe.svg?1720411200,Forest,Hari & Deepti,266,Forest (Hari & Deepti) [WOE] {266}.jpg
set,e567c19c-0fe4-446e-a7bf-fce8a150cd2e,ltc,ltc,ltc,23071,Tales of Middle-earth Commander,https://api.scryfall.com/sets/e567c19c-0fe4-446e-a7bf-fce8a150cd2e,https://scryfall.com/sets/ltc,https://api.scryfall.com/cards/search?include_extras=true&include_variations=true&order=set&q=e%3Altc&unique=prints,2023-06-23,commander,591,false,false,false,https://svgs.scryfall.io/sets/ltc.svg?1720411200,Wasteland,Hristo D. Chukov,376,Wasteland (Hristo D. Chukov) [LTC] {376}.jpg
set,08078706-ac5d-439b-8f01-894d38751367,ltr,ltr,ltr,23019,The Lord of the Rings: Tales of Middle-earth,https://api.scryfall.com/sets/08078706-ac5d-439b-8f01-894d38751367,https://scryfall.com/sets/ltr,https://api.scryfall.com/cards/search?include_extras=true&include_variations=true&order=set&q=e%3Altr&unique=prints,2023-06-23,draft_innovation,856,false,false,false,https://svgs.scryfall.io/sets/ltr.svg?1720411200,Forest,Deven Rue,280,Forest (Deven Rue) [LTR] {280}.jpg
set,6727e43d-31b6-45b0-ae05-7a811ba72f70,mat,mat,mat,22876,March of the Machine: The Aftermath,https://api.scryfall.com/sets/6727e43d-31b6-45b0-ae05-7a811ba72f70,https://scryfall.com/sets/mat,https://api.scryfall.com/cards/search?include_extras=true&include_variations=true&order=set&q=e%3Amat&unique=prints,2023-05-12,expansion,230,false,false,false,https://svgs.scryfall.io/sets/mat.svg?1720411200,Forest,Salvatorre Zee Yazzie,276,Forest (Salvatorre Zee Yazzie) [OTJ] {276}.jpg
set,392f7315-dc53-40a3-a2cc-5482dbd498b3,mom,mom,mom,22875,March of the Machine,https://api.scryfall.com/sets/392f7315-dc53-40a3-a2cc-5482dbd498b3,https://scryfall.com/sets/mom,https://api.scryfall.com/cards/search?include_extras=true&include_variations=true&order=set&q=e%3Amom&unique=prints,2023-04-21,expansion,387,false,false,false,https://svgs.scryfall.io/sets/mom.svg?1720411200,Baral and Kari Zev,Magali Villeneuve,302,Baral and Kari Zev (Magali Villeneuve) [MOM] {302}.jpg
set,6bba5de9-5afb-42af-a7eb-24ac854bf671,moc,,,22979,March of the Machine Commander,https://api.scryfall.com/sets/6bba5de9-5afb-42af-a7eb-24ac854bf671,https://scryfall.com/sets/moc,https://api.scryfall.com/cards/search?include_extras=true&include_variations=true&order=set&q=e%3Amoc&unique=prints,2023-04-21,commander,450,false,false,false,https://svgs.scryfall.io/sets/moc.svg?1720411200,Island,Anna Steinbauer,270,Island (Anna Steinbauer) [ZNR] {270}.jpg
set,04bef644-343f-4230-95ee-255f29aa67a2,one,one,one,17684,Phyrexia: All Will Be One,https://api.scryfall.com/sets/04bef644-343f-4230-95ee-255f29aa67a2,https://scryfall.com/sets/one,https://api.scryfall.com/cards/search?include_extras=true&include_variations=true&order=set&q=e%3Aone&unique=prints,2023-02-03,expansion,479,false,false,false,https://svgs.scryfall.io/sets/one.svg?1720411200,Forest,Alayna Danner,266,Forest (Alayna Danner) [ONE] {266}.jpg
set,8c5e86d4-ae2d-42f7-a0e5-0e4141eb953d,onc,onc,onc,17685,Phyrexia: All Will Be One Commander,https://api.scryfall.com/sets/8c5e86d4-ae2d-42f7-a0e5-0e4141eb953d,https://scryfall.com/sets/onc,https://api.scryfall.com/cards/search?include_extras=true&include_variations=true&order=set&q=e%3Aonc&unique=prints,2023-02-03,commander,174,false,false,false,https://svgs.scryfall.io/sets/onc.svg?1720411200,Plains,Adam Paquette,252,Plains (Adam Paquette) [BFZ] {252}.jpg
set,adc5d965-43ea-46bc-aebd-8a39282ce168,scd,,,17662,Starter Commander Decks,https://api.scryfall.com/sets/adc5d965-43ea-46bc-aebd-8a39282ce168,https://scryfall.com/sets/scd,https://api.scryfall.com/cards/search?include_extras=true&include_variations=true&order=set&q=e%3Ascd&unique=prints,2022-12-02,commander,352,false,true,false,https://svgs.scryfall.io/sets/scd.svg?1720411200,Volcanic Fallout,Jim Pavelec,5,Volcanic Fallout (Jim Pavelec) [P10] {5}.jpg
set,247df475-e4ce-4e5e-9317-11892d2211e0,j22,,,3185,Jumpstart 2022,https://api.scryfall.com/sets/247df475-e4ce-4e5e-9317-11892d2211e0,https://scryfall.com/sets/j22,https://api.scryfall.com/cards/search?include_extras=true&include_variations=true&order=set&q=e%3Aj22&unique=prints,2022-12-02,draft_innovation,835,false,false,false,https://svgs.scryfall.io/sets/j22.svg?1720411200,Swamp,Veronique Meignaud,240,Swamp (Veronique Meignaud) [ZEN] {240}.jpg
set,81d56780-1efc-4487-9803-43d634ca13d0,brc,,,3159,The Brothers' War Commander,https://api.scryfall.com/sets/81d56780-1efc-4487-9803-43d634ca13d0,https://scryfall.com/sets/brc,https://api.scryfall.com/cards/search?include_extras=true&include_variations=true&order=set&q=e%3Abrc&unique=prints,2022-11-18,commander,209,false,false,false,https://svgs.scryfall.io/sets/brc.svg?1720411200,Mountain,John Avon,139,Mountain (John Avon) [UNH] {139}.jpg
set,4219a14e-6701-4ddd-a185-21dc054ab19b,bro,bro,bro,3157,The Brothers' War,https://api.scryfall.com/sets/4219a14e-6701-4ddd-a185-21dc054ab19b,https://scryfall.com/sets/bro,https://api.scryfall.com/cards/search?include_extras=true&include_variations=true&order=set&q=e%3Abro&unique=prints,2022-11-18,expansion,399,false,false,false,https://svgs.scryfall.io/sets/bro.svg?1720411200,Forest,Jonas De Ro,286,Forest (Jonas De Ro) [BRO] {286}.jpg
set,f35f5dd8-5b95-4f52-bbe7-1c62909a8d08,40k,,,3079,"Warhammer 40,000 Commander",https://api.scryfall.com/sets/f35f5dd8-5b95-4f52-bbe7-1c62909a8d08,https://scryfall.com/sets/40k,https://api.scryfall.com/cards/search?include_extras=true&include_variations=true&order=set&q=e%3A40k&unique=prints,2022-10-07,commander,618,false,false,false,https://svgs.scryfall.io/sets/40k.svg?1720411200,"Athreos, God of Passage",Jason A. Engle,76,"Athreos, God of Passage (Jason A. Engle) [SLD] {76}.jpg"
set,78076b27-f888-4723-b27c-44074accd261,dmc,,,3140,Dominaria United Commander,https://api.scryfall.com/sets/78076b27-f888-4723-b27c-44074accd261,https://scryfall.com/sets/dmc,https://api.scryfall.com/cards/search?include_extras=true&include_variations=true&order=set&q=e%3Admc&unique=prints,2022-09-09,commander,240,false,false,false,https://svgs.scryfall.io/sets/dmc.svg?1720411200,Forest,Jeanne D'Angelo,395,Forest (Jeanne D'Angelo) [SLD] {395}.jpg
set,4e47a6cd-cdeb-4b0f-8f24-cfe1a0127cb3,dmu,dmu,dmu,3102,Dominaria United,https://api.scryfall.com/sets/4e47a6cd-cdeb-4b0f-8f24-cfe1a0127cb3,https://scryfall.com/sets/dmu,https://api.scryfall.com/cards/search?include_extras=true&include_variations=true&order=set&q=e%3Admu&unique=prints,2022-09-09,expansion,453,false,false,false,https://svgs.scryfall.io/sets/dmu.svg?1720411200,Forest,Magali Villeneuve,281,Forest (Magali Villeneuve) [DMU] {281}.jpg
set,5e4c3fe8-fd57-4b20-ad56-c03790a16cea,clb,,,3047,Commander Legends: Battle for Baldur's Gate,https://api.scryfall.com/sets/5e4c3fe8-fd57-4b20-ad56-c03790a16cea,https://scryfall.com/sets/clb,https://api.scryfall.com/cards/search?include_extras=true&include_variations=true&order=set&q=e%3Aclb&unique=prints,2022-06-10,draft_innovation,936,false,false,false,https://svgs.scryfall.io/sets/clb.svg?1720411200,Thoughtseize,Junji Ito,1117,Thoughtseize (Junji Ito) [SLD] {1117}.jpg
set,df837242-8c15-42e4-b049-c933a02dc501,snc,snc,snc,3026,Streets of New Capenna,https://api.scryfall.com/sets/df837242-8c15-42e4-b049-c933a02dc501,https://scryfall.com/sets/snc,https://api.scryfall.com/cards/search?include_extras=true&include_variations=true&order=set&q=e%3Asnc&unique=prints,2022-04-29,expansion,513,false,false,false,https://svgs.scryfall.io/sets/snc.svg?1720411200,Forest,Matteo Bassini,280,Forest (Matteo Bassini) [SNC] {280}.jpg
set,c51de34b-d4d6-4179-a432-573744ded119,ncc,,,3031,New Capenna Commander,https://api.scryfall.com/sets/c51de34b-d4d6-4179-a432-573744ded119,https://scryfall.com/sets/ncc,https://api.scryfall.com/cards/search?include_extras=true&include_variations=true&order=set&q=e%3Ancc&unique=prints,2022-04-29,commander,447,false,false,false,https://svgs.scryfall.io/sets/ncc.svg?1720411200,The Great Synthesis,Dominik Mayer,294,The Great Synthesis (Dominik Mayer) [MOM] {294}.jpg
set,59a2059f-5482-433f-8761-eb2e17859b71,neo,neo,neo,2965,Kamigawa: Neon Dynasty,https://api.scryfall.com/sets/59a2059f-5482-433f-8761-eb2e17859b71,https://scryfall.com/sets/neo,https://api.scryfall.com/cards/search?include_extras=true&include_variations=true&order=set&q=e%3Aneo&unique=prints,2022-02-18,expansion,531,false,false,false,https://svgs.scryfall.io/sets/neo.svg?1720411200,Forest,Ezoi,301,Forest (Ezoi) [NEO] {301}.jpg
set,5b4d929d-bdf9-4bbf-858e-e248f53325ad,nec,,,2967,Neon Dynasty Commander,https://api.scryfall.com/sets/5b4d929d-bdf9-4bbf-858e-e248f53325ad,https://scryfall.com/sets/nec,https://api.scryfall.com/cards/search?include_extras=true&include_variations=true&order=set&q=e%3Anec&unique=prints,2022-02-18,commander,179,false,false,false,https://svgs.scryfall.io/sets/nec.svg?1720411200,Scaleguard Sentinels,David Gaillet,201,Scaleguard Sentinels (David Gaillet) [PDTK] {201}.jpg
set,5c1638d2-bce9-463e-b0ec-469336cb1bd2,dbl,,,2942,Innistrad: Double Feature,https://api.scryfall.com/sets/5c1638d2-bce9-463e-b0ec-469336cb1bd2,https://scryfall.com/sets/dbl,https://api.scryfall.com/cards/search?include_extras=true&include_variations=true&order=set&q=e%3Adbl&unique=prints,2022-01-28,draft_innovation,535,false,false,false,https://svgs.scryfall.io/sets/star.svg?1720411200,Mountain,Alayna Danner,1514,Mountain (Alayna Danner) [SLD] {1514}.jpg
set,8144b676-569f-4716-8005-bc8f0778f3fa,vow,vow,vow,2862,Innistrad: Crimson Vow,https://api.scryfall.com/sets/8144b676-569f-4716-8005-bc8f0778f3fa,https://scryfall.com/sets/vow,https://api.scryfall.com/cards/search?include_extras=true&include_variations=true&order=set&q=e%3Avow&unique=prints,2021-11-19,expansion,423,false,false,false,https://svgs.scryfall.io/sets/vow.svg?1720411200,Bloodbat Summoner,Johann Bodin,338,Bloodbat Summoner (Johann Bodin) [VOW] {338}.jpg
set,b2e444f7-41e6-4172-ba01-47d91d5e7bbc,voc,,,2900,Crimson Vow Commander,https://api.scryfall.com/sets/b2e444f7-41e6-4172-ba01-47d91d5e7bbc,https://scryfall.com/sets/voc,https://api.scryfall.com/cards/search?include_extras=true&include_variations=true&order=set&q=e%3Avoc&unique=prints,2021-11-19,commander,188,false,false,false,https://svgs.scryfall.io/sets/voc.svg?1720411200,Forest,Nikola Matkovic,326,Forest (Nikola Matkovic) [PIP] {326}.jpg
set,7f9a4deb-715e-47d2-afac-3843ef92f39b,mic,mic,mic,2893,Midnight Hunt Commander,https://api.scryfall.com/sets/7f9a4deb-715e-47d2-afac-3843ef92f39b,https://scryfall.com/sets/mic,https://api.scryfall.com/cards/search?include_extras=true&include_variations=true&order=set&q=e%3Amic&unique=prints,2021-09-24,commander,187,false,false,false,https://svgs.scryfall.io/sets/mic.svg?1720411200,Gamble,Sam McKenzie,188,Gamble (Sam McKenzie) [SLD] {188}.jpg
set,44b8eb8f-fa23-401a-98b5-1fbb9871128e,mid,mid,mid,2864,Innistrad: Midnight Hunt,https://api.scryfall.com/sets/44b8eb8f-fa23-401a-98b5-1fbb9871128e,https://scryfall.com/sets/mid,https://api.scryfall.com/cards/search?include_extras=true&include_variations=true&order=set&q=e%3Amid&unique=prints,2021-09-24,expansion,400,false,false,false,https://svgs.scryfall.io/sets/mid.svg?1720411200,Deserted Beach,Piotr Dura,281,Deserted Beach (Piotr Dura) [MID] {281}.jpg
set,db1b46f9-893c-4623-9465-985ff6e4472c,afc,,,2870,Forgotten Realms Commander,https://api.scryfall.com/sets/db1b46f9-893c-4623-9465-985ff6e4472c,https://scryfall.com/sets/afc,https://api.scryfall.com/cards/search?include_extras=true&include_variations=true&order=set&q=e%3Aafc&unique=prints,2021-07-23,commander,331,false,false,false,https://svgs.scryfall.io/sets/afc.svg?1720411200,Dreadbore,Vance Kelly,141,Dreadbore (Vance Kelly) [SLD] {141}.jpg
set,e1ef87ba-ba92-4573-817f-543b996d2851,afr,afr,afr,2823,Adventures in the Forgotten Realms,https://api.scryfall.com/sets/e1ef87ba-ba92-4573-817f-543b996d2851,https://scryfall.com/sets/afr,https://api.scryfall.com/cards/search?include_extras=true&include_variations=true&order=set&q=e%3Aafr&unique=prints,2021-07-23,expansion,424,false,false,false,https://svgs.scryfall.io/sets/afr.svg?1720411200,Forest,David Robert Hovey,278,Forest (David Robert Hovey) [BLB] {278}.jpg
set,c1c7eb8c-f205-40ab-a609-767cb296544e,mh2,mh2,mh2,2809,Modern Horizons 2,https://api.scryfall.com/sets/c1c7eb8c-f205-40ab-a609-767cb296544e,https://scryfall.com/sets/mh2,https://api.scryfall.com/cards/search?include_extras=true&include_variations=true&order=set&q=e%3Amh2&unique=prints,2021-06-18,draft_innovation,494,false,false,false,https://svgs.scryfall.io/sets/mh2.svg?1720411200,"Dakkon, Shadow Slayer",Jake Murray,304,"Dakkon, Shadow Slayer (Jake Murray) [MH2] {304}.jpg"
set,7b3294cf-104e-43fb-8170-add3e78faca7,h1r,,,2422,Modern Horizons 1 Timeshifts,https://api.scryfall.com/sets/7b3294cf-104e-43fb-8170-add3e78faca7,https://scryfall.com/sets/h1r,https://api.scryfall.com/cards/search?include_extras=true&include_variations=true&order=set&q=e%3Ah1r&unique=prints,2021-06-18,draft_innovation,40,false,false,true,https://svgs.scryfall.io/sets/mh1.svg?1720411200,Mountain,Indra Nugroho,368,Mountain (Indra Nugroho) [ONE] {368}.jpg
set,541c3c28-8747-40e5-a231-8e8f33234859,stx,stx,stx,2773,Strixhaven: School of Mages,https://api.scryfall.com/sets/541c3c28-8747-40e5-a231-8e8f33234859,https://scryfall.com/sets/stx,https://api.scryfall.com/cards/search?include_extras=true&include_variations=true&order=set&q=e%3Astx&unique=prints,2021-04-23,expansion,393,false,false,false,https://svgs.scryfall.io/sets/stx.svg?1720411200,Island,Jeanne D'Angelo,385,Island (Jeanne D'Angelo) [SLD] {385}.jpg
set,27bf6dbd-a9e1-4904-afa7-d28fc7745c4f,c21,c21,c21,2801,Commander 2021,https://api.scryfall.com/sets/27bf6dbd-a9e1-4904-afa7-d28fc7745c4f,https://scryfall.com/sets/c21,https://api.scryfall.com/cards/search?include_extras=true&include_variations=true&order=set&q=e%3Ac21&unique=prints,2021-04-23,commander,409,false,false,false,https://svgs.scryfall.io/sets/c21.svg?1720411200,Fractured Identity,Justin Hernandez & Alexis Hernandez,272,Fractured Identity (Justin Hernandez & Alexis Hernandez) [SLD] {272}.jpg
set,d532ef25-e52b-4276-941a-3a1c095544b0,khc,,,2766,Kaldheim Commander,https://api.scryfall.com/sets/d532ef25-e52b-4276-941a-3a1c095544b0,https://scryfall.com/sets/khc,https://api.scryfall.com/cards/search?include_extras=true&include_variations=true&order=set&q=e%3Akhc&unique=prints,2021-02-05,commander,119,false,false,false,https://svgs.scryfall.io/sets/khc.svg?1720411200,"Pharika, God of Affliction",Jason A. Engle,82,"Pharika, God of Affliction (Jason A. Engle) [SLD] {82}.jpg"
set,43057fad-b1c1-437f-bc48-0045bce6d8c9,khm,khm,khm,2750,Kaldheim,https://api.scryfall.com/sets/43057fad-b1c1-437f-bc48-0045bce6d8c9,https://scryfall.com/sets/khm,https://api.scryfall.com/cards/search?include_extras=true&include_variations=true&order=set&q=e%3Akhm&unique=prints,2021-02-05,expansion,426,false,false,false,https://svgs.scryfall.io/sets/khm.svg?1720411200,Dreadbore,Vance Kelly,141,Dreadbore (Vance Kelly) [SLD] {141}.jpg
set,39de6fbf-1f11-48d0-8f04-f0407f6a0732,cmr,cmr,cmr,2708,Commander Legends,https://api.scryfall.com/sets/39de6fbf-1f11-48d0-8f04-f0407f6a0732,https://scryfall.com/sets/cmr,https://api.scryfall.com/cards/search?include_extras=true&include_variations=true&order=set&q=e%3Acmr&unique=prints,2020-11-20,draft_innovation,718,false,false,false,https://svgs.scryfall.io/sets/cmr.svg?1720411200,Island,WFlemming Illustration,275,Island (WFlemming Illustration) [SNC] {275}.jpg
set,f4e01fa7-b254-42dd-849f-69b58027a8c4,znr,znr,znr,2648,Zendikar Rising,https://api.scryfall.com/sets/f4e01fa7-b254-42dd-849f-69b58027a8c4,https://scryfall.com/sets/znr,https://api.scryfall.com/cards/search?include_extras=true&include_variations=true&order=set&q=e%3Aznr&unique=prints,2020-09-25,expansion,408,false,false,false,https://svgs.scryfall.io/sets/znr.svg?1720411200,Forest,Adam Paquette,279,Forest (Adam Paquette) [ZNR] {279}.jpg
set,25c6bd9b-4e10-40a4-b9b5-0f4d9b5852a1,znc,,,2716,Zendikar Rising Commander,https://api.scryfall.com/sets/25c6bd9b-4e10-40a4-b9b5-0f4d9b5852a1,https://scryfall.com/sets/znc,https://api.scryfall.com/cards/search?include_extras=true&include_variations=true&order=set&q=e%3Aznc&unique=prints,2020-09-25,commander,142,false,false,false,https://svgs.scryfall.io/sets/znc.svg?1720411200,Fury,Svetlin Velinov,313,Fury (Svetlin Velinov) [MH2] {313}.jpg
set,0f6ccf25-a627-4263-86df-5757137f1696,jmp,,,2654,Jumpstart,https://api.scryfall.com/sets/0f6ccf25-a627-4263-86df-5757137f1696,https://scryfall.com/sets/jmp,https://api.scryfall.com/cards/search?include_extras=true&include_variations=true&order=set&q=e%3Ajmp&unique=prints,2020-07-17,draft_innovation,497,false,false,false,https://svgs.scryfall.io/sets/jmp.svg?1720411200,The Gitrog Monster,Jeannie L Paske,1051,The Gitrog Monster (Jeannie L Paske) [SLD] {1051}.jpg
set,bc94aba1-7376-4e02-a12d-3a2efb66ab0f,m21,m21,m21,2653,Core Set 2021,https://api.scryfall.com/sets/bc94aba1-7376-4e02-a12d-3a2efb66ab0f,https://scryfall.com/sets/m21,https://api.scryfall.com/cards/search?include_extras=true&include_variations=true&order=set&q=e%3Am21&unique=prints,2020-07-03,core,397,false,false,false,https://svgs.scryfall.io/sets/m21.svg?1720411200,Forest,David Robert Hovey,278,Forest (David Robert Hovey) [BLB] {278}.jpg
set,19feda43-15ab-427e-a0e4-148a4bf2b03a,iko,iko,iko,2603,Ikoria: Lair of Behemoths,https://api.scryfall.com/sets/19feda43-15ab-427e-a0e4-148a4bf2b03a,https://scryfall.com/sets/iko,https://api.scryfall.com/cards/search?include_extras=true&include_variations=true&order=set&q=e%3Aiko&unique=prints,2020-04-24,expansion,390,false,false,false,https://svgs.scryfall.io/sets/iko.svg?1720411200,"Hargilde, Kindly Runechanter",Colin Boyer,342,"Hargilde, Kindly Runechanter (Colin Boyer) [SLD] {342}.jpg"
set,f60ec786-1f8d-42f7-9abc-0d880fe243f6,c20,c20,c20,2634,Commander 2020,https://api.scryfall.com/sets/f60ec786-1f8d-42f7-9abc-0d880fe243f6,https://scryfall.com/sets/c20,https://api.scryfall.com/cards/search?include_extras=true&include_variations=true&order=set&q=e%3Ac20&unique=prints,2020-04-17,commander,322,false,false,false,https://svgs.scryfall.io/sets/c20.svg?1720411200,All Is Dust,Dominik Mayer,268,All Is Dust (Dominik Mayer) [SLD] {268}.jpg
set,5f23a78d-cda1-462a-8be3-a62b40c34913,thb,thb,thb,2568,Theros Beyond Death,https://api.scryfall.com/sets/5f23a78d-cda1-462a-8be3-a62b40c34913,https://scryfall.com/sets/thb,https://api.scryfall.com/cards/search?include_extras=true&include_variations=true&order=set&q=e%3Athb&unique=prints,2020-01-24,expansion,358,false,false,false,https://svgs.scryfall.io/sets/thb.svg?1720411200,"Anax, Hardened in the Forge",Jason A. Engle,264,"Anax, Hardened in the Forge (Jason A. Engle) [THB] {264}.jpg"
set,a90a7b2f-9dd8-4fc7-9f7d-8ea2797ec782,eld,eld,eld,2494,Throne of Eldraine,https://api.scryfall.com/sets/a90a7b2f-9dd8-4fc7-9f7d-8ea2797ec782,https://scryfall.com/sets/eld,https://api.scryfall.com/cards/search?include_extras=true&include_variations=true&order=set&q=e%3Aeld&unique=prints,2019-10-04,expansion,399,false,false,false,https://svgs.scryfall.io/sets/eld.svg?1720411200,Forest,Dan Mumford,277,Forest (Dan Mumford) [MID] {277}.jpg
set,0fa3ccbb-d86d-4a2e-a55e-c4979c4feeb2,c19,c19,c19,2481,Commander 2019,https://api.scryfall.com/sets/0fa3ccbb-d86d-4a2e-a55e-c4979c4feeb2,https://scryfall.com/sets/c19,https://api.scryfall.com/cards/search?include_extras=true&include_variations=true&order=set&q=e%3Ac19&unique=prints,2019-08-23,commander,302,false,false,false,https://svgs.scryfall.io/sets/c19.svg?1720411200,Plains,Indra Nugroho,269,Plains (Indra Nugroho) [VOW] {269}.jpg
set,4a787360-9767-4f44-80b1-2405dc5e39c7,m20,m20,m20,2441,Core Set 2020,https://api.scryfall.com/sets/4a787360-9767-4f44-80b1-2405dc5e39c7,https://scryfall.com/sets/m20,https://api.scryfall.com/cards/search?include_extras=true&include_variations=true&order=set&q=e%3Am20&unique=prints,2019-07-12,core,345,false,false,false,https://svgs.scryfall.io/sets/m20.svg?1720411200,Lightning Bolt,Robbie Trevino,85,Lightning Bolt (Robbie Trevino) [SLD] {85}.jpg
set,d7efccd6-55bc-4fb8-9138-e72577510a99,mh1,mh1,mh1,2422,Modern Horizons,https://api.scryfall.com/sets/d7efccd6-55bc-4fb8-9138-e72577510a99,https://scryfall.com/sets/mh1,https://api.scryfall.com/cards/search?include_extras=true&include_variations=true&order=set&q=e%3Amh1&unique=prints,2019-06-14,draft_innovation,255,false,false,false,https://svgs.scryfall.io/sets/mh1.svg?1720411200,Snow-Covered Forest,Titus Lunter,254,Snow-Covered Forest (Titus Lunter) [MH1] {254}.jpg
set,ee044f0b-e101-4ead-8d0e-aa510aad4277,war,war,war,2418,War of the Spark,https://api.scryfall.com/sets/ee044f0b-e101-4ead-8d0e-aa510aad4277,https://scryfall.com/sets/war,https://api.scryfall.com/cards/search?include_extras=true&include_variations=true&order=set&q=e%3Awar&unique=prints,2019-05-03,expansion,312,false,false,false,https://svgs.scryfall.io/sets/war.svg?1720411200,Island,Daren Bader,85,Island (Daren Bader) [UGL] {85}.jpg
set,97a7fd84-8d89-45a3-b48b-c951f6a3f9f1,rna,rna,rna,2366,Ravnica Allegiance,https://api.scryfall.com/sets/97a7fd84-8d89-45a3-b48b-c951f6a3f9f1,https://scryfall.com/sets/rna,https://api.scryfall.com/cards/search?include_extras=true&include_variations=true&order=set&q=e%3Arna&unique=prints,2019-01-25,expansion,273,false,false,false,https://svgs.scryfall.io/sets/rna.svg?1720411200,Forest,Ezoi,301,Forest (Ezoi) [NEO] {301}.jpg
set,597c6d4a-8212-4903-a6af-12c4ae9e13f0,grn,grn,grn,2290,Guilds of Ravnica,https://api.scryfall.com/sets/597c6d4a-8212-4903-a6af-12c4ae9e13f0,https://scryfall.com/sets/grn,https://api.scryfall.com/cards/search?include_extras=true&include_variations=true&order=set&q=e%3Agrn&unique=prints,2018-10-05,expansion,273,false,false,false,https://svgs.scryfall.io/sets/grn.svg?1720411200,Plains,John Avon,212,Plains (John Avon) [UST] {212}.jpg
set,06ce6bc2-85cd-4cca-85b1-8c620d3e0902,c18,,,2251,Commander 2018,https://api.scryfall.com/sets/06ce6bc2-85cd-4cca-85b1-8c620d3e0902,https://scryfall.com/sets/c18,https://api.scryfall.com/cards/search?include_extras=true&include_variations=true&order=set&q=e%3Ac18&unique=prints,2018-08-09,commander,307,false,false,false,https://svgs.scryfall.io/sets/c18.svg?1720411200,Treasure,Hongtae Taecholarn,2,Treasure (Hongtae Taecholarn) [PTSNC] {2}.jpg
set,2f5f2509-56db-414d-9a7e-6e312ec3760c,m19,m19,m19,2250,Core Set 2019,https://api.scryfall.com/sets/2f5f2509-56db-414d-9a7e-6e312ec3760c,https://scryfall.com/sets/m19,https://api.scryfall.com/cards/search?include_extras=true&include_variations=true&order=set&q=e%3Am19&unique=prints,2018-07-13,core,314,false,false,false,https://svgs.scryfall.io/sets/m19.svg?1720411200,Forest,Sam Burley,271,Forest (Sam Burley) [BFZ] {271}.jpg
set,2ba5b1a3-40ed-422e-981d-56753004dfc6,cm2,,,2246,Commander Anthology Volume II,https://api.scryfall.com/sets/2ba5b1a3-40ed-422e-981d-56753004dfc6,https://scryfall.com/sets/cm2,https://api.scryfall.com/cards/search?include_extras=true&include_variations=true&order=set&q=e%3Acm2&unique=prints,2018-06-08,commander,312,false,false,false,https://svgs.scryfall.io/sets/cm2.svg?1720411200,"Ragavan, Nimble Pilferer",Magali Villeneuve,21,"Ragavan, Nimble Pilferer (Magali Villeneuve) [MUL] {21}.jpg"
set,95f97fbc-58ef-4645-982e-43e2db6f1124,bbd,,,2245,Battlebond,https://api.scryfall.com/sets/95f97fbc-58ef-4645-982e-43e2db6f1124,https://scryfall.com/sets/bbd,https://api.scryfall.com/cards/search?include_extras=true&include_variations=true&order=set&q=e%3Abbd&unique=prints,2018-06-08,draft_innovation,256,false,false,false,https://svgs.scryfall.io/sets/bbd.svg?1720411200,Island,WFlemming Illustration,288,Island (WFlemming Illustration) [LCI] {288}.jpg
set,be1daba3-51c9-4e7e-9212-36e68addc26c,dom,dar,dar,2199,Dominaria,https://api.scryfall.com/sets/be1daba3-51c9-4e7e-9212-36e68addc26c,https://scryfall.com/sets/dom,https://api.scryfall.com/cards/search?include_extras=true&include_variations=true&order=set&q=e%3Adom&unique=prints,2018-04-27,expansion,280,false,false,false,https://svgs.scryfall.io/sets/dom.svg?1720411200,Plains,JungShan,1399,Plains (JungShan) [SLD] {1399}.jpg
set,2f7e40fc-772d-4a85-bfdd-01653c41d0fa,rix,rix,rix,2098,Rivals of Ixalan,https://api.scryfall.com/sets/2f7e40fc-772d-4a85-bfdd-01653c41d0fa,https://scryfall.com/sets/rix,https://api.scryfall.com/cards/search?include_extras=true&include_variations=true&order=set&q=e%3Arix&unique=prints,2018-01-19,expansion,205,false,false,false,https://svgs.scryfall.io/sets/rix.svg?1720411200,Supplant Form,Mike Bierek,54,Supplant Form (Mike Bierek) [PFRF] {54}.jpg
set,fe0dad85-54bc-4151-9200-d68da84dd0f2,xln,xln,xln,2043,Ixalan,https://api.scryfall.com/sets/fe0dad85-54bc-4151-9200-d68da84dd0f2,https://scryfall.com/sets/xln,https://api.scryfall.com/cards/search?include_extras=true&include_variations=true&order=set&q=e%3Axln&unique=prints,2017-09-29,expansion,289,false,false,false,https://svgs.scryfall.io/sets/xln.svg?1720411200,Forest,Jung Park,247,Forest (Jung Park) [ZEN] {247}.jpg
set,5caec427-0c78-4c37-b4ec-30f7e0ba9abf,c17,,,2009,Commander 2017,https://api.scryfall.com/sets/5caec427-0c78-4c37-b4ec-30f7e0ba9abf,https://scryfall.com/sets/c17,https://api.scryfall.com/cards/search?include_extras=true&include_variations=true&order=set&q=e%3Ac17&unique=prints,2017-08-25,commander,309,false,false,false,https://svgs.scryfall.io/sets/c17.svg?1720411200,The Grand Evolution,Flavio Girón,301,The Grand Evolution (Flavio Girón) [MOM] {301}.jpg
set,65ff168b-bb94-47a5-a8f9-4ec6c213e768,hou,hou,hou,1934,Hour of Devastation,https://api.scryfall.com/sets/65ff168b-bb94-47a5-a8f9-4ec6c213e768,https://scryfall.com/sets/hou,https://api.scryfall.com/cards/search?include_extras=true&include_variations=true&order=set&q=e%3Ahou&unique=prints,2017-07-14,expansion,209,false,false,false,https://svgs.scryfall.io/sets/hou.svg?1720411200,Forest,Yeong-Hao Han,189,Forest (Yeong-Hao Han) [HOU] {189}.jpg
set,fd4d8463-0156-4c60-a40e-778762bb90e4,cma,,,1933,Commander Anthology,https://api.scryfall.com/sets/fd4d8463-0156-4c60-a40e-778762bb90e4,https://scryfall.com/sets/cma,https://api.scryfall.com/cards/search?include_extras=true&include_variations=true&order=set&q=e%3Acma&unique=prints,2017-06-09,commander,320,false,false,false,https://svgs.scryfall.io/sets/cma.svg?1720411200,Hauken's Insight,Slawomir Maniak,332,Hauken's Insight (Slawomir Maniak) [VOW] {332}.jpg
set,02d1c536-68bc-4208-9b65-7741ef1f9da8,akh,akh,akh,1882,Amonkhet,https://api.scryfall.com/sets/02d1c536-68bc-4208-9b65-7741ef1f9da8,https://scryfall.com/sets/akh,https://api.scryfall.com/cards/search?include_extras=true&include_variations=true&order=set&q=e%3Aakh&unique=prints,2017-04-28,expansion,287,false,false,false,https://svgs.scryfall.io/sets/akh.svg?1720411200,Forest,Yeong-Hao Han,254,Forest (Yeong-Hao Han) [AKH] {254}.jpg
set,a4a0db50-8826-4e73-833c-3fd934375f96,aer,aer,aer,1857,Aether Revolt,https://api.scryfall.com/sets/a4a0db50-8826-4e73-833c-3fd934375f96,https://scryfall.com/sets/aer,https://api.scryfall.com/cards/search?include_extras=true&include_variations=true&order=set&q=e%3Aaer&unique=prints,2017-01-20,expansion,197,false,false,false,https://svgs.scryfall.io/sets/aer.svg?1720411200,Mountain,Sam Burley,275,Mountain (Sam Burley) [ZNR] {275}.jpg
set,3e0d713a-b5cb-4287-81b9-a57d4dcaf415,c16,,,1792,Commander 2016,https://api.scryfall.com/sets/3e0d713a-b5cb-4287-81b9-a57d4dcaf415,https://scryfall.com/sets/c16,https://api.scryfall.com/cards/search?include_extras=true&include_variations=true&order=set&q=e%3Ac16&unique=prints,2016-11-11,commander,351,false,false,false,https://svgs.scryfall.io/sets/c16.svg?1720411200,Island,Vincent Proce,258,Island (Vincent Proce) [BFZ] {258}.jpg
set,d667e468-be8f-411f-a030-473d148deb74,kld,kld,kld,1791,Kaladesh,https://api.scryfall.com/sets/d667e468-be8f-411f-a030-473d148deb74,https://scryfall.com/sets/kld,https://api.scryfall.com/cards/search?include_extras=true&include_variations=true&order=set&q=e%3Akld&unique=prints,2016-09-30,expansion,278,false,false,false,https://svgs.scryfall.io/sets/kld.svg?1720411200,Swamp,John Avon,214,Swamp (John Avon) [UST] {214}.jpg
set,ad1b8847-1905-4080-9e26-80691ea7c1ef,cn2,,,1794,Conspiracy: Take the Crown,https://api.scryfall.com/sets/ad1b8847-1905-4080-9e26-80691ea7c1ef,https://scryfall.com/sets/cn2,https://api.scryfall.com/cards/search?include_extras=true&include_variations=true&order=set&q=e%3Acn2&unique=prints,2016-08-26,draft_innovation,222,false,false,false,https://svgs.scryfall.io/sets/cn2.svg?1720411200,Henrika Domnathi,Nils Hamm,335,Henrika Domnathi (Nils Hamm) [VOW] {335}.jpg
set,5f0e4093-334f-4439-bbb5-a0affafd0ffc,emn,emn,emn,1790,Eldritch Moon,https://api.scryfall.com/sets/5f0e4093-334f-4439-bbb5-a0affafd0ffc,https://scryfall.com/sets/emn,https://api.scryfall.com/cards/search?include_extras=true&include_variations=true&order=set&q=e%3Aemn&unique=prints,2016-07-22,expansion,208,false,false,false,https://svgs.scryfall.io/sets/emn.svg?1720411200,Haunted Ridge,Piotr Dura,282,Haunted Ridge (Piotr Dura) [MID] {282}.jpg
set,5e914d7e-c1e9-446c-a33d-d093c02b2743,soi,soi,soi,1708,Shadows over Innistrad,https://api.scryfall.com/sets/5e914d7e-c1e9-446c-a33d-d093c02b2743,https://scryfall.com/sets/soi,https://api.scryfall.com/cards/search?include_extras=true&include_variations=true&order=set&q=e%3Asoi&unique=prints,2016-04-08,expansion,302,false,false,false,https://svgs.scryfall.io/sets/soi.svg?1720411200,Plains,Adam Paquette,240,Plains (Adam Paquette) [UNF] {240}.jpg
set,cd51d245-8f95-45b0-ab5f-e2b3a3eb5dfe,ogw,ogw,ogw,1693,Oath of the Gatewatch,https://api.scryfall.com/sets/cd51d245-8f95-45b0-ab5f-e2b3a3eb5dfe,https://scryfall.com/sets/ogw,https://api.scryfall.com/cards/search?include_extras=true&include_variations=true&order=set&q=e%3Aogw&unique=prints,2016-01-22,expansion,187,false,false,false,https://svgs.scryfall.io/sets/ogw.svg?1720411200,Wastes,Jason Felix,183,Wastes (Jason Felix) [OGW] {183}.jpg
set,ea6c99f9-5489-4504-b30c-c819fa3b1fd3,c15,,,1673,Commander 2015,https://api.scryfall.com/sets/ea6c99f9-5489-4504-b30c-c819fa3b1fd3,https://scryfall.com/sets/c15,https://api.scryfall.com/cards/search?include_extras=true&include_variations=true&order=set&q=e%3Ac15&unique=prints,2015-11-13,commander,342,false,true,false,https://svgs.scryfall.io/sets/c15.svg?1720411200,Qasali Pridemage,David O'Connor,386,Qasali Pridemage (David O'Connor) [2X2] {386}.jpg
set,91719374-7ac5-4afa-ada8-5da964dcf1d4,bfz,bfz,bfz,1645,Battle for Zendikar,https://api.scryfall.com/sets/91719374-7ac5-4afa-ada8-5da964dcf1d4,https://scryfall.com/sets/bfz,https://api.scryfall.com/cards/search?include_extras=true&include_variations=true&order=set&q=e%3Abfz&unique=prints,2015-10-02,expansion,299,false,false,false,https://svgs.scryfall.io/sets/bfz.svg?1720411200,Forest,Adam Paquette,272,Forest (Adam Paquette) [BFZ] {272}.jpg
set,0eeb9a9a-20ac-404d-b55f-aeb7a43a7f62,ori,ori,ori,1512,Magic Origins,https://api.scryfall.com/sets/0eeb9a9a-20ac-404d-b55f-aeb7a43a7f62,https://scryfall.com/sets/ori,https://api.scryfall.com/cards/search?include_extras=true&include_variations=true&order=set&q=e%3Aori&unique=prints,2015-07-17,core,288,false,false,false,https://svgs.scryfall.io/sets/ori.svg?1720411200,Swamp,JungShan,1401,Swamp (JungShan) [SLD] {1401}.jpg
set,7e72625f-f320-4552-a719-d11e2f1853bd,dtk,dtk,dtk,1515,Dragons of Tarkir,https://api.scryfall.com/sets/7e72625f-f320-4552-a719-d11e2f1853bd,https://scryfall.com/sets/dtk,https://api.scryfall.com/cards/search?include_extras=true&include_variations=true&order=set&q=e%3Adtk&unique=prints,2015-03-27,expansion,264,false,false,false,https://svgs.scryfall.io/sets/dtk.svg?1720411200,Swamp,Yohann Schepacz,306,Swamp (Yohann Schepacz) [MH3] {306}.jpg
set,7bb5cb2b-081a-4c8c-b7e1-494046e6baa1,frf,frf,frf,1497,Fate Reforged,https://api.scryfall.com/sets/7bb5cb2b-081a-4c8c-b7e1-494046e6baa1,https://scryfall.com/sets/frf,https://api.scryfall.com/cards/search?include_extras=true&include_variations=true&order=set&q=e%3Afrf&unique=prints,2015-01-23,expansion,191,false,false,false,https://svgs.scryfall.io/sets/frf.svg?1720411200,Watery Grave,Chris Ostrowski,278,Watery Grave (Chris Ostrowski) [UNF] {278}.jpg
set,0980a6e2-eb78-4ad2-8396-cef08fce365e,c14,c14,c14,1476,Commander 2014,https://api.scryfall.com/sets/0980a6e2-eb78-4ad2-8396-cef08fce365e,https://scryfall.com/sets/c14,https://api.scryfall.com/cards/search?include_extras=true&include_variations=true&order=set&q=e%3Ac14&unique=prints,2014-11-07,commander,337,false,true,false,https://svgs.scryfall.io/sets/c14.svg?1720411200,Grim Tutor,Roberto Gatto,444,Grim Tutor (Roberto Gatto) [SLD] {444}.jpg
set,6c7a715c-ded9-449e-89b0-c665773e9c3c,ktk,ktk,ktk,1356,Khans of Tarkir,https://api.scryfall.com/sets/6c7a715c-ded9-449e-89b0-c665773e9c3c,https://scryfall.com/sets/ktk,https://api.scryfall.com/cards/search?include_extras=true&include_variations=true&order=set&q=e%3Aktk&unique=prints,2014-09-26,expansion,293,false,false,false,https://svgs.scryfall.io/sets/ktk.svg?1720411200,Plains,Sam Burley,251,Plains (Sam Burley) [BFZ] {251}.jpg
set,6ce49890-3b37-42a5-8932-dbeef1d7b62c,m15,m15,m15,1293,Magic 2015,https://api.scryfall.com/sets/6ce49890-3b37-42a5-8932-dbeef1d7b62c,https://scryfall.com/sets/m15,https://api.scryfall.com/cards/search?include_extras=true&include_variations=true&order=set&q=e%3Am15&unique=prints,2014-07-18,core,284,false,false,false,https://svgs.scryfall.io/sets/m15.svg?1720411200,Forest,Ravenna Tran,67,Forest (Ravenna Tran) [SLD] {67}.jpg
set,7d4ebb59-a50b-45b8-8fff-ab70767819a5,cns,,,1312,Conspiracy,https://api.scryfall.com/sets/7d4ebb59-a50b-45b8-8fff-ab70767819a5,https://scryfall.com/sets/cns,https://api.scryfall.com/cards/search?include_extras=true&include_variations=true&order=set&q=e%3Acns&unique=prints,2014-06-06,draft_innovation,210,false,false,false,https://svgs.scryfall.io/sets/cns.svg?1720411200,Forest,Adam Paquette,244,Forest (Adam Paquette) [UNF] {244}.jpg
set,204d2dca-1887-4721-9558-164aa7bbeb4f,jou,jou,jou,1277,Journey into Nyx,https://api.scryfall.com/sets/204d2dca-1887-4721-9558-164aa7bbeb4f,https://scryfall.com/sets/jou,https://api.scryfall.com/cards/search?include_extras=true&include_variations=true&order=set&q=e%3Ajou&unique=prints,2014-05-02,expansion,165,false,false,false,https://svgs.scryfall.io/sets/jou.svg?1720411200,Deserted Beach,Piotr Dura,281,Deserted Beach (Piotr Dura) [MID] {281}.jpg
set,50a80fe4-a757-408f-ad23-52c5cc5f45cc,bng,bng,bng,1276,Born of the Gods,https://api.scryfall.com/sets/50a80fe4-a757-408f-ad23-52c5cc5f45cc,https://scryfall.com/sets/bng,https://api.scryfall.com/cards/search?include_extras=true&include_variations=true&order=set&q=e%3Abng&unique=prints,2014-02-07,expansion,165,false,false,false,https://svgs.scryfall.io/sets/bng.svg?1720411200,Jin-Gitaxias,Julian Kok Joon Wen,339,Jin-Gitaxias (Julian Kok Joon Wen) [MOM] {339}.jpg
set,c62e6d4f-af8c-4f27-9bc8-361291890146,c13,c13,c13,1164,Commander 2013,https://api.scryfall.com/sets/c62e6d4f-af8c-4f27-9bc8-361291890146,https://scryfall.com/sets/c13,https://api.scryfall.com/cards/search?include_extras=true&include_variations=true&order=set&q=e%3Ac13&unique=prints,2013-11-01,commander,356,false,true,false,https://svgs.scryfall.io/sets/c13.svg?1720411200,"Fynn, the Fangbearer",Magali Villeneuve,1449,"Fynn, the Fangbearer (Magali Villeneuve) [SLD] {1449}.jpg"
set,69093d6f-e25a-41a4-8cf5-688d7f11c0fb,ths,ths,ths,1144,Theros,https://api.scryfall.com/sets/69093d6f-e25a-41a4-8cf5-688d7f11c0fb,https://scryfall.com/sets/ths,https://api.scryfall.com/cards/search?include_extras=true&include_variations=true&order=set&q=e%3Aths&unique=prints,2013-09-27,expansion,249,false,false,false,https://svgs.scryfall.io/sets/ths.svg?1720411200,Swamp,Matteo Bassini,276,Swamp (Matteo Bassini) [SNC] {276}.jpg
set,e03ee1c0-ecd2-4fcc-ac3c-e8fdb103a847,m14,m14,m14,1113,Magic 2014,https://api.scryfall.com/sets/e03ee1c0-ecd2-4fcc-ac3c-e8fdb103a847,https://scryfall.com/sets/m14,https://api.scryfall.com/cards/search?include_extras=true&include_variations=true&order=set&q=e%3Am14&unique=prints,2013-07-19,core,249,false,false,false,https://svgs.scryfall.io/sets/m14.svg?1720411200,Mountain,Ayami Nakashima,300,Mountain (Ayami Nakashima) [NEO] {300}.jpg
set,c8bd8520-cd98-45cd-b533-8d40c2087426,dgm,dgm,dgm,570,Dragon's Maze,https://api.scryfall.com/sets/c8bd8520-cd98-45cd-b533-8d40c2087426,https://scryfall.com/sets/dgm,https://api.scryfall.com/cards/search?include_extras=true&include_variations=true&order=set&q=e%3Adgm&unique=prints,2013-05-03,expansion,156,false,false,false,https://svgs.scryfall.io/sets/dgm.svg?1720411200,Forest,David Robert Hovey,281,Forest (David Robert Hovey) [BLB] {281}.jpg
set,035a05f7-e020-4f50-a141-ed16ba704bd2,gtc,gtc,gtc,569,Gatecrash,https://api.scryfall.com/sets/035a05f7-e020-4f50-a141-ed16ba704bd2,https://scryfall.com/sets/gtc,https://api.scryfall.com/cards/search?include_extras=true&include_variations=true&order=set&q=e%3Agtc&unique=prints,2013-02-01,expansion,249,false,false,false,https://svgs.scryfall.io/sets/gtc.svg?1720411200,Plains,Deven Rue,273,Plains (Deven Rue) [LTR] {273}.jpg
set,80b2374d-c5f1-403e-9772-f6c806fd275e,rtr,rtr,rtr,370,Return to Ravnica,https://api.scryfall.com/sets/80b2374d-c5f1-403e-9772-f6c806fd275e,https://scryfall.com/sets/rtr,https://api.scryfall.com/cards/search?include_extras=true&include_variations=true&order=set&q=e%3Artr&unique=prints,2012-10-05,expansion,274,false,false,false,https://svgs.scryfall.io/sets/rtr.svg?1720411200,Spellstutter Sprite,Maria Poliakova,117,Spellstutter Sprite (Maria Poliakova) [SLD] {117}.jpg
set,f9b0c6f4-8a4f-4f36-ad3c-e1e16fb8535d,m13,m13,m13,364,Magic 2013,https://api.scryfall.com/sets/f9b0c6f4-8a4f-4f36-ad3c-e1e16fb8535d,https://scryfall.com/sets/m13,https://api.scryfall.com/cards/search?include_extras=true&include_variations=true&order=set&q=e%3Am13&unique=prints,2012-07-13,core,249,false,false,false,https://svgs.scryfall.io/sets/m13.svg?1720411200,Forest,Sam Burley,271,Forest (Sam Burley) [BFZ] {271}.jpg
set,039810a9-92d7-4f2d-b2d0-ca661ac586c0,avr,avr,avr,362,Avacyn Restored,https://api.scryfall.com/sets/039810a9-92d7-4f2d-b2d0-ca661ac586c0,https://scryfall.com/sets/avr,https://api.scryfall.com/cards/search?include_extras=true&include_variations=true&order=set&q=e%3Aavr&unique=prints,2012-05-04,expansion,244,false,false,false,https://svgs.scryfall.io/sets/avr.svg?1720411200,Island,Samuele Bandini,305,Island (Samuele Bandini) [MH3] {305}.jpg
set,8052750a-aaf2-46fc-b46d-633f14124017,dka,dka,dka,125,Dark Ascension,https://api.scryfall.com/sets/8052750a-aaf2-46fc-b46d-633f14124017,https://scryfall.com/sets/dka,https://api.scryfall.com/cards/search?include_extras=true&include_variations=true&order=set&q=e%3Adka&unique=prints,2012-02-03,expansion,158,false,false,false,https://svgs.scryfall.io/sets/dka.svg?1720411200,Swamp,Pig Hands,272,Swamp (Pig Hands) [VOW] {272}.jpg
set,d1026945-2969-42b9-be53-f941405a58cb,isd,isd,isd,59,Innistrad,https://api.scryfall.com/sets/d1026945-2969-42b9-be53-f941405a58cb,https://scryfall.com/sets/isd,https://api.scryfall.com/cards/search?include_extras=true&include_variations=true&order=set&q=e%3Aisd&unique=prints,2011-09-30,expansion,264,false,false,false,https://svgs.scryfall.io/sets/isd.svg?1720411200,Forest,Jeanne D'Angelo,388,Forest (Jeanne D'Angelo) [SLD] {388}.jpg
set,5cdd2643-229c-4441-a62a-c34e4b531e1c,m12,m12,m12,70,Magic 2012,https://api.scryfall.com/sets/5cdd2643-229c-4441-a62a-c34e4b531e1c,https://scryfall.com/sets/m12,https://api.scryfall.com/cards/search?include_extras=true&include_variations=true&order=set&q=e%3Am12&unique=prints,2011-07-15,core,249,false,false,false,https://svgs.scryfall.io/sets/m12.svg?1720411200,Forest,Tianhua X,274,Forest (Tianhua X) [BFZ] {274}.jpg
set,84ff1a64-4e69-4ed2-8c08-26206e3b97a0,cmd,cmd,cmd,25,Commander 2011,https://api.scryfall.com/sets/84ff1a64-4e69-4ed2-8c08-26206e3b97a0,https://scryfall.com/sets/cmd,https://api.scryfall.com/cards/search?include_extras=true&include_variations=true&order=set&q=e%3Acmd&unique=prints,2011-06-17,commander,318,false,true,false,https://svgs.scryfall.io/sets/cmd.svg?1720411200,Teferi's Protection,Steve Argyle,1691,Teferi's Protection (Steve Argyle) [SLD] {1691}.jpg
set,e8e356d8-6d01-4dab-aa07-d0999dc9359f,nph,nph,nph,79,New Phyrexia,https://api.scryfall.com/sets/e8e356d8-6d01-4dab-aa07-d0999dc9359f,https://scryfall.com/sets/nph,https://api.scryfall.com/cards/search?include_extras=true&include_variations=true&order=set&q=e%3Anph&unique=prints,2011-05-13,expansion,175,false,false,false,https://svgs.scryfall.io/sets/nph.svg?1720411200,Vindicate,Livia Prima,322,Vindicate (Livia Prima) [MH2] {322}.jpg
set,f46c57e3-9301-4006-a6ca-06f3f65961fb,mbs,mbs,mbs,76,Mirrodin Besieged,https://api.scryfall.com/sets/f46c57e3-9301-4006-a6ca-06f3f65961fb,https://scryfall.com/sets/mbs,https://api.scryfall.com/cards/search?include_extras=true&include_variations=true&order=set&q=e%3Ambs&unique=prints,2011-02-04,expansion,155,false,false,false,https://svgs.scryfall.io/sets/mbs.svg?1720411200,Svyelun of Sea and Sky,Howard Lyon,310,Svyelun of Sea and Sky (Howard Lyon) [MH2] {310}.jpg
set,8f403072-9b22-4e69-8d59-22dc4c97fd8d,som,som,som,100,Scars of Mirrodin,https://api.scryfall.com/sets/8f403072-9b22-4e69-8d59-22dc4c97fd8d,https://scryfall.com/sets/som,https://api.scryfall.com/cards/search?include_extras=true&include_variations=true&order=set&q=e%3Asom&unique=prints,2010-10-01,expansion,249,false,false,false,https://svgs.scryfall.io/sets/som.svg?1720411200,Forest,Alayna Danner,276,Forest (Alayna Danner) [MID] {276}.jpg
set,485d2468-18c8-42a4-9482-ca1c51e0470e,m11,m11,m11,69,Magic 2011,https://api.scryfall.com/sets/485d2468-18c8-42a4-9482-ca1c51e0470e,https://scryfall.com/sets/m11,https://api.scryfall.com/cards/search?include_extras=true&include_variations=true&order=set&q=e%3Am11&unique=prints,2010-07-16,core,249,false,false,false,https://svgs.scryfall.io/sets/m11.svg?1720411200,Wasteland,Hristo D. Chukov,376,Wasteland (Hristo D. Chukov) [LTC] {376}.jpg
set,eadb8a82-ec56-4623-b50e-42e7e60cb535,roe,roe,roe,98,Rise of the Eldrazi,https://api.scryfall.com/sets/eadb8a82-ec56-4623-b50e-42e7e60cb535,https://scryfall.com/sets/roe,https://api.scryfall.com/cards/search?include_extras=true&include_variations=true&order=set&q=e%3Aroe&unique=prints,2010-04-23,expansion,248,false,false,false,https://svgs.scryfall.io/sets/roe.svg?1720411200,,,,Island (Svetlin Velinov) [REX] {22} (1).jpg
set,2f248ce6-c2a5-4c6f-a2be-0c593fbe173c,wwk,wwk,wwk,122,Worldwake,https://api.scryfall.com/sets/2f248ce6-c2a5-4c6f-a2be-0c593fbe173c,https://scryfall.com/sets/wwk,https://api.scryfall.com/cards/search?include_extras=true&include_variations=true&order=set&q=e%3Awwk&unique=prints,2010-02-05,expansion,145,false,false,false,https://svgs.scryfall.io/sets/wwk.svg?1720411200,Snow-Covered Mountain,Titus Lunter,253,Snow-Covered Mountain (Titus Lunter) [MH1] {253}.jpg
set,eb16a2bd-a218-4e4e-8339-4aa1afc0c8d2,zen,zen,zen,124,Zendikar,https://api.scryfall.com/sets/eb16a2bd-a218-4e4e-8339-4aa1afc0c8d2,https://scryfall.com/sets/zen,https://api.scryfall.com/cards/search?include_extras=true&include_variations=true&order=set&q=e%3Azen&unique=prints,2009-10-02,expansion,269,false,false,false,https://svgs.scryfall.io/sets/zen.svg?1720411200,Forest,Jung Park,247,Forest (Jung Park) [ZEN] {247}.jpg
set,0dba38a9-6b9d-4768-9831-4e03e8970a0b,m10,m10,m10,68,Magic 2010,https://api.scryfall.com/sets/0dba38a9-6b9d-4768-9831-4e03e8970a0b,https://scryfall.com/sets/m10,https://api.scryfall.com/cards/search?include_extras=true&include_variations=true&order=set&q=e%3Am10&unique=prints,2009-07-17,core,249,false,false,false,https://svgs.scryfall.io/sets/m10.svg?1720411200,Silence,Sam Hogg,1445,Silence (Sam Hogg) [SLD] {1445}.jpg
set,db486ec5-141d-4781-9ee5-5456926934c1,arb,arb,arb,5,Alara Reborn,https://api.scryfall.com/sets/db486ec5-141d-4781-9ee5-5456926934c1,https://scryfall.com/sets/arb,https://api.scryfall.com/cards/search?include_extras=true&include_variations=true&order=set&q=e%3Aarb&unique=prints,2009-04-30,expansion,145,false,false,false,https://svgs.scryfall.io/sets/arb.svg?1720411200,Seat of the Synod,DXTR,301,Seat of the Synod (DXTR) [SLD] {301}.jpg
set,76b2db58-904c-4e49-8580-9f62f7b3cca4,con,con,con,26,Conflux,https://api.scryfall.com/sets/76b2db58-904c-4e49-8580-9f62f7b3cca4,https://scryfall.com/sets/con,https://api.scryfall.com/cards/search?include_extras=true&include_variations=true&order=set&q=e%3Acon&unique=prints,2009-02-06,expansion,145,false,false,false,https://svgs.scryfall.io/sets/con.svg?1720411200,Negate,Ralph Horsley,8,Negate (Ralph Horsley) [P09] {8}.jpg
set,d667aaec-09b7-4406-b6fa-60795132dc11,ala,ala,ala,103,Shards of Alara,https://api.scryfall.com/sets/d667aaec-09b7-4406-b6fa-60795132dc11,https://scryfall.com/sets/ala,https://api.scryfall.com/cards/search?include_extras=true&include_variations=true&order=set&q=e%3Aala&unique=prints,2008-10-03,expansion,250,false,false,false,https://svgs.scryfall.io/sets/ala.svg?1720411200,Swamp,John Thacker,270,Swamp (John Thacker) [BLB] {270}.jpg
set,86b4dfef-f2d1-49d6-825d-7df6bda44357,eve,eve,eve,39,Eventide,https://api.scryfall.com/sets/86b4dfef-f2d1-49d6-825d-7df6bda44357,https://scryfall.com/sets/eve,https://api.scryfall.com/cards/search?include_extras=true&include_variations=true&order=set&q=e%3Aeve&unique=prints,2008-07-25,expansion,180,false,false,false,https://svgs.scryfall.io/sets/eve.svg?1720411200,"Heliod, the Radiant Dawn",Jason A. Engle,293,"Heliod, the Radiant Dawn (Jason A. Engle) [MOM] {293}.jpg"
set,c18c0ba1-2081-4808-9b2e-549bc3a666f3,shm,shm,shm,102,Shadowmoor,https://api.scryfall.com/sets/c18c0ba1-2081-4808-9b2e-549bc3a666f3,https://scryfall.com/sets/shm,https://api.scryfall.com/cards/search?include_extras=true&include_variations=true&order=set&q=e%3Ashm&unique=prints,2008-05-02,expansion,302,false,false,false,https://svgs.scryfall.io/sets/shm.svg?1720411200,Silence,Sam Hogg,1445,Silence (Sam Hogg) [SLD] {1445}.jpg
set,c41550df-7b41-41a3-85ab-8612eb2f168f,mor,mor,mor,77,Morningtide,https://api.scryfall.com/sets/c41550df-7b41-41a3-85ab-8612eb2f168f,https://scryfall.com/sets/mor,https://api.scryfall.com/cards/search?include_extras=true&include_variations=true&order=set&q=e%3Amor&unique=prints,2008-02-01,expansion,150,false,false,false,https://svgs.scryfall.io/sets/mor.svg?1720411200,Island,Robin Olausson,280,Island (Robin Olausson) [BRO] {280}.jpg
set,30ec97cb-dca9-4bf4-a98b-310f9d8ceaff,lrw,lrw,lrw,67,Lorwyn,https://api.scryfall.com/sets/30ec97cb-dca9-4bf4-a98b-310f9d8ceaff,https://scryfall.com/sets/lrw,https://api.scryfall.com/cards/search?include_extras=true&include_variations=true&order=set&q=e%3Alrw&unique=prints,2007-10-12,expansion,301,false,false,false,https://svgs.scryfall.io/sets/lrw.svg?1720411200,Island,Alayna Danner,263,Island (Alayna Danner) [ONE] {263}.jpg
set,a66a6124-0d81-488d-b080-91f5ba7fbad0,10e,10e,10e,1,Tenth Edition,https://api.scryfall.com/sets/a66a6124-0d81-488d-b080-91f5ba7fbad0,https://scryfall.com/sets/10e,https://api.scryfall.com/cards/search?include_extras=true&include_variations=true&order=set&q=e%3A10e&unique=prints,2007-07-13,core,510,false,false,false,https://svgs.scryfall.io/sets/10e.svg?1720411200,Forest,Ravenna Tran,67,Forest (Ravenna Tran) [SLD] {67}.jpg
set,bf951ddb-4445-4923-87cb-3fe4ac3c6b9a,fut,fut,fut,51,Future Sight,https://api.scryfall.com/sets/bf951ddb-4445-4923-87cb-3fe4ac3c6b9a,https://scryfall.com/sets/fut,https://api.scryfall.com/cards/search?include_extras=true&include_variations=true&order=set&q=e%3Afut&unique=prints,2007-05-04,expansion,180,false,false,false,https://svgs.scryfall.io/sets/fut.svg?1720411200,Fomori Nomad,Raymond Swanland,114,Fomori Nomad (Raymond Swanland) [FUT] {114}.jpg
set,5a1b571c-73e9-4c14-b9d4-a62507d85789,plc,plc,plc,83,Planar Chaos,https://api.scryfall.com/sets/5a1b571c-73e9-4c14-b9d4-a62507d85789,https://scryfall.com/sets/plc,https://api.scryfall.com/cards/search?include_extras=true&include_variations=true&order=set&q=e%3Aplc&unique=prints,2007-02-02,expansion,165,false,false,false,https://svgs.scryfall.io/sets/plc.svg?1720411200,Henrika Domnathi,Nils Hamm,335,Henrika Domnathi (Nils Hamm) [VOW] {335}.jpg
set,c1d109bc-ffd8-428f-8d7d-3f8d7e648046,tsp,tsp,tsp,110,Time Spiral,https://api.scryfall.com/sets/c1d109bc-ffd8-428f-8d7d-3f8d7e648046,https://scryfall.com/sets/tsp,https://api.scryfall.com/cards/search?include_extras=true&include_variations=true&order=set&q=e%3Atsp&unique=prints,2006-10-06,expansion,301,false,false,false,https://svgs.scryfall.io/sets/tsp.svg?1720411200,"Zada, Hedron Grinder",Dominik Mayer,25,"Zada, Hedron Grinder (Dominik Mayer) [MUL] {25}.jpg"
set,6519be58-b8cb-4cd7-9f5b-4db23364715b,tsb,tsb,tsb,111,Time Spiral Timeshifted,https://api.scryfall.com/sets/6519be58-b8cb-4cd7-9f5b-4db23364715b,https://scryfall.com/sets/tsb,https://api.scryfall.com/cards/search?include_extras=true&include_variations=true&order=set&q=e%3Atsb&unique=prints,2006-10-06,expansion,121,false,false,false,https://svgs.scryfall.io/sets/tsp.svg?1720411200,Snow-Covered Mountain,Titus Lunter,253,Snow-Covered Mountain (Titus Lunter) [MH1] {253}.jpg
set,1f4f105f-73e4-4f03-849e-82a204807847,csp,csp,csp,24,Coldsnap,https://api.scryfall.com/sets/1f4f105f-73e4-4f03-849e-82a204807847,https://scryfall.com/sets/csp,https://api.scryfall.com/cards/search?include_extras=true&include_variations=true&order=set&q=e%3Acsp&unique=prints,2006-07-21,expansion,155,false,false,false,https://svgs.scryfall.io/sets/csp.svg?1720411200,Mountain,Andrew Theophilopoulos,275,Mountain (Andrew Theophilopoulos) [BLB] {275}.jpg
set,fdebeda1-b95f-4343-8a94-d125821e6b5c,dis,dis,dis,28,Dissension,https://api.scryfall.com/sets/fdebeda1-b95f-4343-8a94-d125821e6b5c,https://scryfall.com/sets/dis,https://api.scryfall.com/cards/search?include_extras=true&include_variations=true&order=set&q=e%3Adis&unique=prints,2006-05-05,expansion,180,false,false,false,https://svgs.scryfall.io/sets/dis.svg?1720411200,Damnation,Ron Spencer,1,Damnation (Ron Spencer) [P08] {1}.jpg
set,594b4d09-8ce1-494d-bdb2-842c124bd087,gpt,gpt,gpt,55,Guildpact,https://api.scryfall.com/sets/594b4d09-8ce1-494d-bdb2-842c124bd087,https://scryfall.com/sets/gpt,https://api.scryfall.com/cards/search?include_extras=true&include_variations=true&order=set&q=e%3Agpt&unique=prints,2006-02-03,expansion,167,false,false,false,https://svgs.scryfall.io/sets/gpt.svg?1720411200,Snow-Covered Island,Titus Lunter,251,Snow-Covered Island (Titus Lunter) [MH1] {251}.jpg
set,15fccbe8-2825-41ca-9d0a-67aebdf91c4a,rav,rav,rav,95,Ravnica: City of Guilds,https://api.scryfall.com/sets/15fccbe8-2825-41ca-9d0a-67aebdf91c4a,https://scryfall.com/sets/rav,https://api.scryfall.com/cards/search?include_extras=true&include_variations=true&order=set&q=e%3Arav&unique=prints,2005-10-07,expansion,306,false,false,false,https://svgs.scryfall.io/sets/rav.svg?1720411200,Plains,Samuele Bandini,317,Plains (Samuele Bandini) [PIP] {317}.jpg
set,e70c8572-4732-4e92-a140-b4e3c1c84c93,9ed,9ed,9ed,4,Ninth Edition,https://api.scryfall.com/sets/e70c8572-4732-4e92-a140-b4e3c1c84c93,https://scryfall.com/sets/9ed,https://api.scryfall.com/cards/search?include_extras=true&include_variations=true&order=set&q=e%3A9ed&unique=prints,2005-07-29,core,709,false,false,false,https://svgs.scryfall.io/sets/9ed.svg?1720411200,Plains,Samuele Bandini,317,Plains (Samuele Bandini) [PIP] {317}.jpg
set,4db16ad3-2b95-442f-bb6b-e9aa7fe7f769,sok,sok,sok,99,Saviors of Kamigawa,https://api.scryfall.com/sets/4db16ad3-2b95-442f-bb6b-e9aa7fe7f769,https://scryfall.com/sets/sok,https://api.scryfall.com/cards/search?include_extras=true&include_variations=true&order=set&q=e%3Asok&unique=prints,2005-06-03,expansion,165,false,false,false,https://svgs.scryfall.io/sets/sok.svg?1720411200,Mountain,Victor Harmatiuk,285,Mountain (Victor Harmatiuk) [BRO] {285}.jpg
set,d4b88587-a1f5-4b47-9e24-78ec9e57bd0e,bok,bok,bok,18,Betrayers of Kamigawa,https://api.scryfall.com/sets/d4b88587-a1f5-4b47-9e24-78ec9e57bd0e,https://scryfall.com/sets/bok,https://api.scryfall.com/cards/search?include_extras=true&include_variations=true&order=set&q=e%3Abok&unique=prints,2005-02-04,expansion,165,false,false,false,https://svgs.scryfall.io/sets/bok.svg?1720411200,Treasure,Rachta Lin,4,Treasure (Rachta Lin) [PTSNC] {4}.jpg
set,6183d21f-a0af-4118-ba58-aca1d8719c01,chk,chk,chk,20,Champions of Kamigawa,https://api.scryfall.com/sets/6183d21f-a0af-4118-ba58-aca1d8719c01,https://scryfall.com/sets/chk,https://api.scryfall.com/cards/search?include_extras=true&include_variations=true&order=set&q=e%3Achk&unique=prints,2004-10-01,expansion,307,false,false,false,https://svgs.scryfall.io/sets/chk.svg?1720411200,Commander's Sphere,Tyler Walpole,315,Commander's Sphere (Tyler Walpole) [SLD] {315}.jpg
set,e4bc1b87-5476-463c-8640-4c414ecf1763,5dn,5dn,5dn,43,Fifth Dawn,https://api.scryfall.com/sets/e4bc1b87-5476-463c-8640-4c414ecf1763,https://scryfall.com/sets/5dn,https://api.scryfall.com/cards/search?include_extras=true&include_variations=true&order=set&q=e%3A5dn&unique=prints,2004-06-04,expansion,165,false,false,false,https://svgs.scryfall.io/sets/5dn.svg?1720411200,Swamp,John Avon,238,Swamp (John Avon) [ZEN] {238}.jpg
set,e29cb2dd-1345-4032-abfe-e52e8c8ce074,dst,dst,dst,27,Darksteel,https://api.scryfall.com/sets/e29cb2dd-1345-4032-abfe-e52e8c8ce074,https://scryfall.com/sets/dst,https://api.scryfall.com/cards/search?include_extras=true&include_variations=true&order=set&q=e%3Adst&unique=prints,2004-02-06,expansion,165,false,false,false,https://svgs.scryfall.io/sets/dst.svg?1720411200,Hero's Downfall,Tyler Walpole,312,Hero's Downfall (Tyler Walpole) [SLD] {312}.jpg
set,1d4f90ba-8d4a-4ee5-bc2f-e2d6bffe4955,mrd,mrd,mrd,75,Mirrodin,https://api.scryfall.com/sets/1d4f90ba-8d4a-4ee5-bc2f-e2d6bffe4955,https://scryfall.com/sets/mrd,https://api.scryfall.com/cards/search?include_extras=true&include_variations=true&order=set&q=e%3Amrd&unique=prints,2003-10-02,expansion,306,false,false,false,https://svgs.scryfall.io/sets/mrd.svg?1720411200,The One Ring,Marta Nael,451,The One Ring (Marta Nael) [LTR] {451}.jpg
set,cae8d29d-5979-4d8f-884d-7f3183bcc886,8ed,8ed,8ed,3,Eighth Edition,https://api.scryfall.com/sets/cae8d29d-5979-4d8f-884d-7f3183bcc886,https://scryfall.com/sets/8ed,https://api.scryfall.com/cards/search?include_extras=true&include_variations=true&order=set&q=e%3A8ed&unique=prints,2003-07-28,core,710,false,false,false,https://svgs.scryfall.io/sets/8ed.svg?1720411200,Sulfurous Springs,Mark Tedin,381,Sulfurous Springs (Mark Tedin) [DMU] {381}.jpg
set,5133c3a1-1412-4ce6-a1f0-73b695966ded,scg,scg,scg,101,Scourge,https://api.scryfall.com/sets/5133c3a1-1412-4ce6-a1f0-73b695966ded,https://scryfall.com/sets/scg,https://api.scryfall.com/cards/search?include_extras=true&include_variations=true&order=set&q=e%3Ascg&unique=prints,2003-05-26,expansion,143,false,false,false,https://svgs.scryfall.io/sets/scg.svg?1720411200,Plains,Samuele Bandini,317,Plains (Samuele Bandini) [PIP] {317}.jpg
set,c2d60a18-1a81-4784-8e0c-e1de2f43c5cf,lgn,lgn,lgn,66,Legions,https://api.scryfall.com/sets/c2d60a18-1a81-4784-8e0c-e1de2f43c5cf,https://scryfall.com/sets/lgn,https://api.scryfall.com/cards/search?include_extras=true&include_variations=true&order=set&q=e%3Algn&unique=prints,2003-02-03,expansion,145,false,false,false,https://svgs.scryfall.io/sets/lgn.svg?1720411200,Treasure,Luis Esteves & Josh Corpuz,3,Treasure (Luis Esteves & Josh Corpuz) [PTSNC] {3}.jpg
set,914a6c6d-cb3b-45e8-a2db-9978a2339faf,ons,ons,ons,81,Onslaught,https://api.scryfall.com/sets/914a6c6d-cb3b-45e8-a2db-9978a2339faf,https://scryfall.com/sets/ons,https://api.scryfall.com/cards/search?include_extras=true&include_variations=true&order=set&q=e%3Aons&unique=prints,2002-10-07,expansion,351,false,false,false,https://svgs.scryfall.io/sets/ons.svg?1720411200,Pyroclasm,Dave Dorman,3,Pyroclasm (Dave Dorman) [P06] {3}.jpg
set,cd82de1a-36fd-4618-bfe8-b45532a582d9,jud,jud,jud,63,Judgment,https://api.scryfall.com/sets/cd82de1a-36fd-4618-bfe8-b45532a582d9,https://scryfall.com/sets/jud,https://api.scryfall.com/cards/search?include_extras=true&include_variations=true&order=set&q=e%3Ajud&unique=prints,2002-05-27,expansion,143,false,false,false,https://svgs.scryfall.io/sets/jud.svg?1720411200,Brion Stoutarm,Lius Lasahido,1450,Brion Stoutarm (Lius Lasahido) [SLD] {1450}.jpg
set,e0b3fda1-a6ca-4996-849b-08b463d39484,tor,tor,tor,112,Torment,https://api.scryfall.com/sets/e0b3fda1-a6ca-4996-849b-08b463d39484,https://scryfall.com/sets/tor,https://api.scryfall.com/cards/search?include_extras=true&include_variations=true&order=set&q=e%3Ator&unique=prints,2002-02-04,expansion,143,false,false,false,https://svgs.scryfall.io/sets/tor.svg?1720411200,Radiant Flames,Ryan Barger,151,Radiant Flames (Ryan Barger) [PBFZ] {151}.jpg
set,b0d90d2d-494a-4224-bfa0-36ce5ee281b1,ody,od,od,80,Odyssey,https://api.scryfall.com/sets/b0d90d2d-494a-4224-bfa0-36ce5ee281b1,https://scryfall.com/sets/ody,https://api.scryfall.com/cards/search?include_extras=true&include_variations=true&order=set&q=e%3Aody&unique=prints,2001-10-01,expansion,353,false,false,false,https://svgs.scryfall.io/sets/ody.svg?1720411200,Forest,Vance Kovacs,308,Forest (Vance Kovacs) [MH3] {308}.jpg
set,e4e00913-d08d-4899-86ea-5cf631e09ce0,apc,ap,ap,10,Apocalypse,https://api.scryfall.com/sets/e4e00913-d08d-4899-86ea-5cf631e09ce0,https://scryfall.com/sets/apc,https://api.scryfall.com/cards/search?include_extras=true&include_variations=true&order=set&q=e%3Aapc&unique=prints,2001-06-04,expansion,143,false,false,false,https://svgs.scryfall.io/sets/apc.svg?1720411200,Swamp,John Thacker,273,Swamp (John Thacker) [BLB] {273}.jpg
set,230f38aa-9511-4db8-a3aa-aeddbc3f7bb9,7ed,7e,7e,2,Seventh Edition,https://api.scryfall.com/sets/230f38aa-9511-4db8-a3aa-aeddbc3f7bb9,https://scryfall.com/sets/7ed,https://api.scryfall.com/cards/search?include_extras=true&include_variations=true&order=set&q=e%3A7ed&unique=prints,2001-04-11,core,708,false,false,false,https://svgs.scryfall.io/sets/7ed.svg?1720411200,Swamp,Adam Paquette,274,Swamp (Adam Paquette) [ZNR] {274}.jpg
set,82dc193b-bd5f-4883-a93f-a4155b467ee0,pls,ps,ps,85,Planeshift,https://api.scryfall.com/sets/82dc193b-bd5f-4883-a93f-a4155b467ee0,https://scryfall.com/sets/pls,https://api.scryfall.com/cards/search?include_extras=true&include_variations=true&order=set&q=e%3Apls&unique=prints,2001-02-05,expansion,146,false,false,false,https://svgs.scryfall.io/sets/pls.svg?1720411200,Collective Voyage,Ricardo Bessa,1009,Collective Voyage (Ricardo Bessa) [SLD] {1009}.jpg
set,b9ae5e02-7726-47ca-b5e4-5ec402b41cd1,inv,in,in,60,Invasion,https://api.scryfall.com/sets/b9ae5e02-7726-47ca-b5e4-5ec402b41cd1,https://scryfall.com/sets/inv,https://api.scryfall.com/cards/search?include_extras=true&include_variations=true&order=set&q=e%3Ainv&unique=prints,2000-10-02,expansion,353,false,false,false,https://svgs.scryfall.io/sets/inv.svg?1720411200,Forest,Magali Villeneuve,281,Forest (Magali Villeneuve) [DMU] {281}.jpg
set,c233bd36-57c0-4aa2-ae6c-7aeabfb4e3ce,pcy,pr,pr,94,Prophecy,https://api.scryfall.com/sets/c233bd36-57c0-4aa2-ae6c-7aeabfb4e3ce,https://scryfall.com/sets/pcy,https://api.scryfall.com/cards/search?include_extras=true&include_variations=true&order=set&q=e%3Apcy&unique=prints,2000-06-05,expansion,144,false,false,false,https://svgs.scryfall.io/sets/pcy.svg?1720411200,Skyclave Apparition,Mila Pesic,2,Skyclave Apparition (Mila Pesic) [GDY] {2}.jpg
set,fa5d1fdb-f781-473d-b14d-50396d40d43f,nem,ne,ne,78,Nemesis,https://api.scryfall.com/sets/fa5d1fdb-f781-473d-b14d-50396d40d43f,https://scryfall.com/sets/nem,https://api.scryfall.com/cards/search?include_extras=true&include_variations=true&order=set&q=e%3Anem&unique=prints,2000-02-14,expansion,143,false,false,false,https://svgs.scryfall.io/sets/nem.svg?1720411200,"Zada, Hedron Grinder",Dominik Mayer,25,"Zada, Hedron Grinder (Dominik Mayer) [MUL] {25}.jpg"
set,385e11a4-492b-4d07-b4a6-a1409ef829b8,mmq,mm,mm,73,Mercadian Masques,https://api.scryfall.com/sets/385e11a4-492b-4d07-b4a6-a1409ef829b8,https://scryfall.com/sets/mmq,https://api.scryfall.com/cards/search?include_extras=true&include_variations=true&order=set&q=e%3Ammq&unique=prints,1999-10-04,expansion,350,false,false,false,https://svgs.scryfall.io/sets/mmq.svg?1720411200,Acidic Slime,Wizard of Barge,134,Acidic Slime (Wizard of Barge) [SLD] {134}.jpg
set,44f17b37-dcf8-4239-baab-1efc00cd3480,uds,ud,ud,116,Urza's Destiny,https://api.scryfall.com/sets/44f17b37-dcf8-4239-baab-1efc00cd3480,https://scryfall.com/sets/uds,https://api.scryfall.com/cards/search?include_extras=true&include_variations=true&order=set&q=e%3Auds&unique=prints,1999-06-07,expansion,143,false,false,false,https://svgs.scryfall.io/sets/uds.svg?1720411200,Godless Shrine,Bruce Brenneise,282,Godless Shrine (Bruce Brenneise) [UNF] {282}.jpg
set,78ee1957-d5d4-4551-acae-b1b418e8a50b,6ed,,,23,Classic Sixth Edition,https://api.scryfall.com/sets/78ee1957-d5d4-4551-acae-b1b418e8a50b,https://scryfall.com/sets/6ed,https://api.scryfall.com/cards/search?include_extras=true&include_variations=true&order=set&q=e%3A6ed&unique=prints,1999-04-21,core,351,false,true,false,https://svgs.scryfall.io/sets/6ed.svg?1720411200,Swamp,Adam Paquette,274,Swamp (Adam Paquette) [ZNR] {274}.jpg
set,78ced61b-4b8a-4b33-b6b2-f5bd66f1a75a,ulg,ul,ul,117,Urza's Legacy,https://api.scryfall.com/sets/78ced61b-4b8a-4b33-b6b2-f5bd66f1a75a,https://scryfall.com/sets/ulg,https://api.scryfall.com/cards/search?include_extras=true&include_variations=true&order=set&q=e%3Aulg&unique=prints,1999-02-15,expansion,143,false,false,false,https://svgs.scryfall.io/sets/ulg.svg?1720411200,Island,JungShan,1400,Island (JungShan) [SLD] {1400}.jpg
set,c330df40-51db-4caf-bde6-48df6c181001,usg,uz,uz,118,Urza's Saga,https://api.scryfall.com/sets/c330df40-51db-4caf-bde6-48df6c181001,https://scryfall.com/sets/usg,https://api.scryfall.com/cards/search?include_extras=true&include_variations=true&order=set&q=e%3Ausg&unique=prints,1998-10-12,expansion,356,false,true,false,https://svgs.scryfall.io/sets/usg.svg?1720411200,Exquisite Blood,Nils Hamm,206,Exquisite Blood (Nils Hamm) [SLD] {206}.jpg
set,1401f7af-2e71-476d-9813-991084ed0bb9,exo,ex,ex,40,Exodus,https://api.scryfall.com/sets/1401f7af-2e71-476d-9813-991084ed0bb9,https://scryfall.com/sets/exo,https://api.scryfall.com/cards/search?include_extras=true&include_variations=true&order=set&q=e%3Aexo&unique=prints,1998-06-15,expansion,143,false,true,false,https://svgs.scryfall.io/sets/exo.svg?1720411200,Swamp,Samuele Bandini,321,Swamp (Samuele Bandini) [PIP] {321}.jpg
set,5c83396a-d386-4367-926b-571a75b086a3,sth,st,st,107,Stronghold,https://api.scryfall.com/sets/5c83396a-d386-4367-926b-571a75b086a3,https://scryfall.com/sets/sth,https://api.scryfall.com/cards/search?include_extras=true&include_variations=true&order=set&q=e%3Asth&unique=prints,1998-03-02,expansion,143,false,true,false,https://svgs.scryfall.io/sets/sth.svg?1720411200,Island,Dan Mumford,271,Island (Dan Mumford) [MID] {271}.jpg
set,10df3a67-178e-4363-8668-34f0e6edf2a7,tmp,te,te,108,Tempest,https://api.scryfall.com/sets/10df3a67-178e-4363-8668-34f0e6edf2a7,https://scryfall.com/sets/tmp,https://api.scryfall.com/cards/search?include_extras=true&include_variations=true&order=set&q=e%3Atmp&unique=prints,1997-10-14,expansion,350,false,true,false,https://svgs.scryfall.io/sets/tmp.svg?1720411200,,,,Mountain (Simon Dominic) [REX] {24} (1).jpg
set,700997ac-add2-4ce2-992e-5efa0fdfc0e9,wth,wl,wl,121,Weatherlight,https://api.scryfall.com/sets/700997ac-add2-4ce2-992e-5efa0fdfc0e9,https://scryfall.com/sets/wth,https://api.scryfall.com/cards/search?include_extras=true&include_variations=true&order=set&q=e%3Awth&unique=prints,1997-06-09,expansion,167,false,true,false,https://svgs.scryfall.io/sets/wth.svg?1720411200,Sundown Pass,Johannes Voss,285,Sundown Pass (Johannes Voss) [VOW] {285}.jpg
set,5afd2f4b-8309-4f45-a2b2-3785018474cb,5ed,,,44,Fifth Edition,https://api.scryfall.com/sets/5afd2f4b-8309-4f45-a2b2-3785018474cb,https://scryfall.com/sets/5ed,https://api.scryfall.com/cards/search?include_extras=true&include_variations=true&order=set&q=e%3A5ed&unique=prints,1997-03-24,core,460,false,true,false,https://svgs.scryfall.io/sets/5ed.svg?1720411200,Lightning Bolt,Veronique Meignaud,1,Lightning Bolt (Veronique Meignaud) [P10] {1}.jpg
set,2c32f1a9-7921-4826-bea0-80bbac70532c,vis,vi,vi,120,Visions,https://api.scryfall.com/sets/2c32f1a9-7921-4826-bea0-80bbac70532c,https://scryfall.com/sets/vis,https://api.scryfall.com/cards/search?include_extras=true&include_variations=true&order=set&q=e%3Avis&unique=prints,1997-02-03,expansion,167,false,true,false,https://svgs.scryfall.io/sets/vis.svg?1720411200,Forest,Magali Villeneuve,690,Forest (Magali Villeneuve) [SLD] {690}.jpg
set,5f06acf3-8123-4a78-b2e7-089b0b775a4a,mir,mi,mi,74,Mirage,https://api.scryfall.com/sets/5f06acf3-8123-4a78-b2e7-089b0b775a4a,https://scryfall.com/sets/mir,https://api.scryfall.com/cards/search?include_extras=true&include_variations=true&order=set&q=e%3Amir&unique=prints,1996-10-08,expansion,353,false,true,false,https://svgs.scryfall.io/sets/mir.svg?1720411200,Plains,Deven Rue,273,Plains (Deven Rue) [LTR] {273}.jpg
set,64987b06-4a5c-443d-b560-ff5691744582,all,,,6,Alliances,https://api.scryfall.com/sets/64987b06-4a5c-443d-b560-ff5691744582,https://scryfall.com/sets/all,https://api.scryfall.com/cards/search?include_extras=true&include_variations=true&order=set&q=e%3Aall&unique=prints,1996-06-10,expansion,199,false,true,false,https://svgs.scryfall.io/sets/all.svg?1720411200,Plains,Olga Tereshenko,287,Plains (Olga Tereshenko) [LCI] {287}.jpg
set,5ac1f606-e682-46e9-ad0f-122a3783581b,hml,,,57,Homelands,https://api.scryfall.com/sets/5ac1f606-e682-46e9-ad0f-122a3783581b,https://scryfall.com/sets/hml,https://api.scryfall.com/cards/search?include_extras=true&include_variations=true&order=set&q=e%3Ahml&unique=prints,1995-10-01,expansion,140,false,true,false,https://svgs.scryfall.io/sets/hml.svg?1720411200,Mountain,JungShan,1402,Mountain (JungShan) [SLD] {1402}.jpg
set,b0e08eea-5c01-4406-a6e2-dcd09c5e5b67,ice,,,58,Ice Age,https://api.scryfall.com/sets/b0e08eea-5c01-4406-a6e2-dcd09c5e5b67,https://scryfall.com/sets/ice,https://api.scryfall.com/cards/search?include_extras=true&include_variations=true&order=set&q=e%3Aice&unique=prints,1995-06-03,expansion,383,false,true,false,https://svgs.scryfall.io/sets/ice.svg?1720411200,Lightning Bolt,Alexis Ziritt,86,Lightning Bolt (Alexis Ziritt) [SLD] {86}.jpg
set,daa633b3-2bdb-48a2-a40e-3de16b6e41a5,4bb,,,1688,Fourth Edition Foreign Black Border,https://api.scryfall.com/sets/daa633b3-2bdb-48a2-a40e-3de16b6e41a5,https://scryfall.com/sets/4bb,https://api.scryfall.com/cards/search?include_extras=true&include_variations=true&order=set&q=e%3A4bb&unique=prints,1995-04-01,core,378,false,true,false,https://svgs.scryfall.io/sets/4ed.svg?1720411200,Island,Alayna Danner,263,Island (Alayna Danner) [ONE] {263}.jpg
set,2dd259d4-dc13-4956-a2dc-3e1d70b4a743,4ed,,,46,Fourth Edition,https://api.scryfall.com/sets/2dd259d4-dc13-4956-a2dc-3e1d70b4a743,https://scryfall.com/sets/4ed,https://api.scryfall.com/cards/search?include_extras=true&include_variations=true&order=set&q=e%3A4ed&unique=prints,1995-04-01,core,379,false,true,false,https://svgs.scryfall.io/sets/4ed.svg?1720411200,"Hargilde, Kindly Runechanter",Colin Boyer,342,"Hargilde, Kindly Runechanter (Colin Boyer) [SLD] {342}.jpg"
set,cf7390b1-341a-4ae8-a325-da0f5f322f13,fem,,,41,Fallen Empires,https://api.scryfall.com/sets/cf7390b1-341a-4ae8-a325-da0f5f322f13,https://scryfall.com/sets/fem,https://api.scryfall.com/cards/search?include_extras=true&include_variations=true&order=set&q=e%3Afem&unique=prints,1994-11-01,expansion,187,false,true,false,https://svgs.scryfall.io/sets/fem.svg?1720411200,Unholy Heat,Cabrol,4,Unholy Heat (Cabrol) [SLP] {4}.jpg
set,a21c6836-c435-459a-81e3-22d2da174549,drk,,,109,The Dark,https://api.scryfall.com/sets/a21c6836-c435-459a-81e3-22d2da174549,https://scryfall.com/sets/drk,https://api.scryfall.com/cards/search?include_extras=true&include_variations=true&order=set&q=e%3Adrk&unique=prints,1994-08-01,expansion,122,false,true,false,https://svgs.scryfall.io/sets/drk.svg?1720411200,Thraximundar,Robbie Trevino,142,Thraximundar (Robbie Trevino) [SLD] {142}.jpg
set,7993c591-1361-4dcb-b2af-ac94dd8e86e8,sum,,,2642,Summer Magic / Edgar,https://api.scryfall.com/sets/7993c591-1361-4dcb-b2af-ac94dd8e86e8,https://scryfall.com/sets/sum,https://api.scryfall.com/cards/search?include_extras=true&include_variations=true&order=set&q=e%3Asum&unique=prints,1994-06-21,core,306,false,true,false,https://svgs.scryfall.io/sets/psum.svg?1720411200,Reclamation Sage,Clint Cearley,194,Reclamation Sage (Clint Cearley) [PM15] {194}.jpg
set,78c50b4b-b220-455b-a2d5-cee458fa56f3,leg,,,65,Legends,https://api.scryfall.com/sets/78c50b4b-b220-455b-a2d5-cee458fa56f3,https://scryfall.com/sets/leg,https://api.scryfall.com/cards/search?include_extras=true&include_variations=true&order=set&q=e%3Aleg&unique=prints,1994-06-01,expansion,310,false,true,false,https://svgs.scryfall.io/sets/leg.svg?1720411200,"Heliod, the Radiant Dawn",Jason A. Engle,293,"Heliod, the Radiant Dawn (Jason A. Engle) [MOM] {293}.jpg"
set,45a69797-8adf-468e-a4e1-ba81fd9d66ac,3ed,,,97,Revised Edition,https://api.scryfall.com/sets/45a69797-8adf-468e-a4e1-ba81fd9d66ac,https://scryfall.com/sets/3ed,https://api.scryfall.com/cards/search?include_extras=true&include_variations=true&order=set&q=e%3A3ed&unique=prints,1994-04-11,core,306,false,true,false,https://svgs.scryfall.io/sets/3ed.svg?1720411200,Island,Salvatorre Zee Yazzie,273,Island (Salvatorre Zee Yazzie) [OTJ] {273}.jpg
set,60648044-9f6a-4961-81af-47a0a94dfac9,fbb,,,1689,Foreign Black Border,https://api.scryfall.com/sets/60648044-9f6a-4961-81af-47a0a94dfac9,https://scryfall.com/sets/fbb,https://api.scryfall.com/cards/search?include_extras=true&include_variations=true&order=set&q=e%3Afbb&unique=prints,1994-04-11,core,307,false,true,false,https://svgs.scryfall.io/sets/3ed.svg?1720411200,Urza's Factory,Mark Tedin,5,Urza's Factory (Mark Tedin) [PCMP] {5}.jpg
set,819f9678-87dd-4aba-a47b-2d553bfea21f,atq,,,8,Antiquities,https://api.scryfall.com/sets/819f9678-87dd-4aba-a47b-2d553bfea21f,https://scryfall.com/sets/atq,https://api.scryfall.com/cards/search?include_extras=true&include_variations=true&order=set&q=e%3Aatq&unique=prints,1994-03-04,expansion,102,false,true,false,https://svgs.scryfall.io/sets/atq.svg?1720411200,Mountain,Florian de Gesincourt,253,Mountain (Florian de Gesincourt) [AKH] {253}.jpg
set,856f63eb-e056-43e5-8a56-7a58e1608940,arn,,,11,Arabian Nights,https://api.scryfall.com/sets/856f63eb-e056-43e5-8a56-7a58e1608940,https://scryfall.com/sets/arn,https://api.scryfall.com/cards/search?include_extras=true&include_variations=true&order=set&q=e%3Aarn&unique=prints,1993-12-17,expansion,92,false,true,false,https://svgs.scryfall.io/sets/arn.svg?1720411200,Swamp,Sam Burley,261,Swamp (Sam Burley) [BFZ] {261}.jpg
set,cd7694b9-339c-405d-a991-14413d4f6d5c,2ed,,,115,Unlimited Edition,https://api.scryfall.com/sets/cd7694b9-339c-405d-a991-14413d4f6d5c,https://scryfall.com/sets/2ed,https://api.scryfall.com/cards/search?include_extras=true&include_variations=true&order=set&q=e%3A2ed&unique=prints,1993-12-01,core,302,false,true,false,https://svgs.scryfall.io/sets/2ed.svg?1720411200,Plains,Jeanne D'Angelo,390,Plains (Jeanne D'Angelo) [SLD] {390}.jpg
set,5307bd88-637c-4a5c-9801-a0d887715302,leb,,,17,Limited Edition Beta,https://api.scryfall.com/sets/5307bd88-637c-4a5c-9801-a0d887715302,https://scryfall.com/sets/leb,https://api.scryfall.com/cards/search?include_extras=true&include_variations=true&order=set&q=e%3Aleb&unique=prints,1993-10-04,core,302,false,true,false,https://svgs.scryfall.io/sets/leb.svg?1720411200,Island,Dan Mumford,271,Island (Dan Mumford) [MID] {271}.jpg
set,288bd996-960e-448b-a187-9504c1930c2c,lea,,,7,Limited Edition Alpha,https://api.scryfall.com/sets/288bd996-960e-448b-a187-9504c1930c2c,https://scryfall.com/sets/lea,https://api.scryfall.com/cards/search?include_extras=true&include_variations=true&order=set&q=e%3Alea&unique=prints,1993-08-05,core,295,false,true,false,https://svgs.scryfall.io/sets/lea.svg?1720411200,,,,Plains (Véronique Meignaud) [REX] {21} (1).jpg
